lemma,tipica di,pos,G2,log2_ratio,occorrenze SD,forme SD,vicini frequenti SD,vicini specifici SD,esempio 1 SD,esempio 2 SD,esempio 3 SD,occorrenze Klassizismus,forme Klassizismus,vicini frequenti Klassizismus,vicini specifici Klassizismus,esempio 1 Klassizismus,esempio 2 Klassizismus,esempio 3 Klassizismus
herr,SD,NOUN,412.65539347251286,1.5565042084747125,1199,"herr (936), herrn (193), herren (70)","gnädig (110), jung (36), vetter (36), wissen (32), assessor (29), gott (27), baron (26), graf (21)","gnädig (110), baron (26), vetter (36), assessor (29), jung (36), lieutenant (11), pfarrer (15), sekertare (10)","[klinger-die-neue-arria] … – Eine Galeere doch? Ha, ha, ha! Empfehlen Sie mich dem Prinzen mein [Herr], ich werde mich fertig halten.…","[schiller-kabale-und-lieb] …Meine Schuld ist es nicht, [Herr] von Walter, daß Sie so schlecht unterhalten werden.…","[schiller-die-raeuber] …arstige Brüder, garstige Herren – aber ich möcht um alles Gold meines [Herrn] willen kein garstiger Knecht sein – Der gnädige Herr hielt Euch tot.…",421,"herr (270), herrn (126), herren (25)","gnädig (18), fürst (12), kaiser (12), könig (11), landvogt (10), gott (9), edel (7), eurem (7)","gnädig (18), landvogt (10), hochwürdger (5), eurem (7), fürst (12), kaiser (12), dein (6), vergebt (4)","[schiller-wilhelm-tell] …Wie, [Herr]? So könntet Ihr an einem Manne handeln, An dem sich Gottes Hand sicht…","[goethe-egmont] …Hattet Ihr seinen [Herrn] Vater, Karl den Fünften, nicht lieber?…","[schiller-wallenstein] …es nicht, so nicht! Vom Wallenstein Erhielten wir den Kaiser erst zum [Herrn], Er knüpft uns, er allein, an diese Fahnen.…"
kopf,SD,NOUN,168.52147909104394,2.6337861094474038,244,"kopf (211), köpfe (21), kopfe (6), köpfen (3), kopfs (2), kopfes (1)","kugel (8), verrückt (7), voll (6), lassen (6), auge (5), haar (5), herz (4), schlagen (4)","verrückt (7), kugel (8), voll (6), schlinge (3), haar (5), unruhig (3), fliegen (3), fuß (4)","[klinger-die-zwillinge] …, langsamer Brust. Ich habe meinen Feind erlegt, hab der Schlange den [Kopf] im Staube zertreten! Er liegt! Als er lag, rief ich: »Verflucht, die …","[schiller-kabale-und-lieb] …Ah! ich vergaß, daß es noch außer ihm Menschen gibt – Mein [Kopf] ist so wüste – Er war nicht da? Walter?…","[schiller-die-raeuber] …Was predigt der Zauderer? Stand nicht der [Kopf] schon, eh noch ein Glied sich regte? Folgt, Kameraden.…",42,"kopf (31), köpfe (4), kopfe (4), köpfen (2), kopfs (1)","euerm (3), verlieren (3)","euerm (3), verlieren (3)","[goethe-egmont] …nen langen Hals sehe, muß ich gleich wider Willen denken: Der ist gut [köpfen]. – Die verfluchten Exekutionen! man kriegt sie nicht aus dem Sinne. W…","[schiller-don-carlos-infa] …verlor ihm eine Flotte, Wie keine noch im Meer erschien – Was ist Ein [Kopf] wie dieser gegen siebenzig Versunkne Gallionen? – Aber, Prinz – Fünf …","[goethe-torquato-tasso] …folgt, daß alle List Und alles heimliche Gewebe sich Allein in meinem [Kopfe] spinnt und webt! Bekennen soll ich daß ich unrecht habe, Und manchem …"
teufel,SD,NOUN,161.7856253264211,2.66599515014415,289,"teufel (270), teufels (14), teufeln (5)","hol (18), holen (10), hölle (9), wissen (8), arm (5), kerl (5), welt (5), sehen (4)","hol (18), holen (10), hölle (9), höll (3), kerl (5), reiten (3), zerreißen (3), dumm (3)","[goethe-faust-in-urspruen] …ch plagen keine Skrupel noch Zweifel, Fürcht mich weder vor Höll noch [Teufel]. Dafür ist mir auch all Freud entrissen, Bild mir nicht ein, was Rech…","[klinger-das-leidende-wei] …Den [Teufel] sollst du! eine alte Hexe, der die Kinnladen herausstehen, die Zähne …",[schiller-die-raeuber] …msonst! – Ins Loch mit dem Hund! – Bitten! Schwüre! Tränen! Hölle und [Teufel]!…,43,"teufel (39), teufels (3), teufeln (1)","hol (4), tod (4), arm (3)","hol (4), tod (4), arm (3)","[schiller-die-jungfrau-vo] …unsre Völker blendet und entmannt, Laßt uns mit diesem jungfräulichen [Teufel] Uns messen in persönlichem Gefecht. Stellt sie sich unserm tapfern Sc…","[schiller-don-carlos-infa] …irfst du Der Fürstin Eboli dich in die Arme – Unglücklicher! in eines [Teufels] Arme; Denn diese wars, die dich verriet. Ich sehe Dich dahin eilen. E…",[schiller-wallenstein] …Was [Teufel]! Wir sind nicht ihre Hunde.…
junge,SD,NOUN,147.89556584317347,4.853014030631793,217,"junge (150), jungen (67)","herr (20), brav (11), arm (7), herrlich (7), leute (7), süß (5), sehen (5), wissen (5)","brav (11), herr (20), herrlich (7), leute (7), arm (7), süß (5), arme (3), machen (3)","[wagner-die-reue-nach-der] …h weiß ja doch, daß du mirs am Ende giebst. – Du wärst ein ganz guter [Junge], wenn du mir nur folgen, und dich nicht mit dem Mensch behängen wollt…","[maler-mueller-golo-und-g] … Dame, ich kann es ihr nicht verdenken. An ihrer Stelle, einen lieben [jungen] Gemahl in fernen Krieg hinein, o Himmel, ich würde vergehn! Julchen, …","[lenz-der-hofmeister] …n? Nun ja, man hat bisweilen Abwesenheiten des Geistes; besonders die [jungen] Herren weiß und rot – Sie heißen unrecht Mandel; Sie sollten Mandelbl…",33,"jungen (19), junge (14)",mann (3),mann (3),"[goethe-iphigenie-auf-tau] …eie Stätte gab, Dein edler Vater klug und liebevoll Die halberstarrte [junge] Blüte pflegte; Da du, ein immer munterer Geselle, Gleich einem leicht…","[schiller-don-carlos-infa] …esen. Hier grüßt mich meine ländliche Natur, Die Busenfreundin meiner [jungen] Jahre. Hier find ich meine Kinderspiele wieder, Und meines Frankreich…","[goethe-pandora] …chen! so ein zartes, Ein mitfühlend Herz, die Götter Legten es in den [jungen] Busen; Was ihr wollet, was ihr wünschet, Nimmer kann ich es euch vers…"
sehen,SD,VERB,131.39950552416786,0.8738040800334765,1277,"sehen (357), sehn (221), sieh (192), sieht (127), seht (126), gesehen (108)","lassen (35), auge (28), herr (20), vater (18), stehen (16), sollen (14), liebe (13), mann (12)","auge (28), ihr (5), dein (6), sollen (14), blaß (7), aug (8), donna (6), eurer (4)","[wagner-die-reue-nach-der] …[Sieh], Fritz; da sind dir vor einigen Tagen von den allegorischen Hauben, d…","[goethe-clavigo] … fürchte deine glühenden Augen nicht, nicht die Spitze deines Degens! [Sieh] hierher, dieses geschlossene Auge, diese gefalteten Hände!…",[klinger-die-neue-arria] …n Kopf anders – – Was dann? Was soll das Augenrollen? – Sehn Sie nur! [sehn] Sie nur Prinz! hat er nicht die Miene als wollte er verstören und sch…,839,"sehn (217), sieh (131), sieht (125), seht (114), sehen (106), sehe (81)","auge (23), lassen (17), mutter (15), vater (13), freund (11), stehen (10), dein (9), herz (8)","auge (23), dein (9), hieh (6), aug (6), mutter (15), niemals (6), schildlein (3), ähnlich (4)","[schiller-maria-stuart] …Sterben soll sie! Er soll sie fallen [sehn], und nach ihr fallen. Verstoßen hab ich ihn aus meinem Herzen, Fort i…","[goethe-egmont] …Hast du das Kleid [gesehen]? Das war nach der neuesten Art, nach spanischem Schnitt.…","[goethe-die-natuerliche-t] …Ein Mann, der dich [gesehen], irrt nicht mehr.…"
kerl,SD,NOUN,131.03335074341464,3.9581071653233337,167,"kerl (124), kerls (41), kerlen (1), kerle (1)","brav (9), schlecht (8), ehrlich (5), teufel (5), rechtschaffn (4), toll (3), verflucht (3), paar (3)","schlecht (8), brav (9), rechtschaffn (4), ehrlich (5), paar (3), teufel (5), toll (3), verflucht (3)","[klinger-das-leidende-wei] … da einen Kahn, er ist zwar lech, ich will dich aber hinbringen.' Der [Kerl] ruderte, und so kamen sie hin über den Fluß. Er gab dem Mann ein Trin…","[maler-mueller-golo-und-g] …sjagd, von gutem Damascener Stahl .... Sapperment! Wär ich ein junger [Kerl], zöge jetzt so mit aus gegen die Unglaubigen, da trachtet ich nach de…","[schiller-die-verschwoeru] …e, so muß man ihn freundlich grüßen und meine Wohnung bedeuten. Höre, [Kerl], aber ich baue auf deine Klugheit.…",9,"kerl (5), kerle (3), kerls (1)",-,-,"[goethe-egmont] … rein schwarz geschossen. Gelernt habe ich von ihm. Das wäre auch ein [Kerl], der bei ihm diente und nichts von ihm lernte! – Nicht zu vergessen, …","[schiller-wilhelm-tell] …tersmann, Schildwach zu stehn vor einem leeren Hut – Und jeder rechte [Kerl] muß uns verachten. – Die Reverenz zu machen einem Hut, Es ist doch tr…",[schiller-wallenstein] …n erst laufen. Nach dem Hunde nennt sichs bis diesen Tag; Ein rechter [Kerl] sich dran spiegeln mag. Unter des Herrn großen Taten allen Hat mir da…
frau,SD,NOUN,123.20125096668423,1.768017974661542,297,"frau (290), frauen (7)","gnädig (88), liebe (12), wissen (10), arm (10), herr (10), gräfin (9), kind (8), lassen (7)","gnädig (88), bas (6), eurer (5), gräfin (9), arm (10), liebe (12), mama (5), kind (8)","[goethe-goetz-von-berlich] …Liebe [Frau]! Er ist nur der Schatten davon, er wird alt und mißmutig. Wie er hört…","[maler-mueller-golo-und-g] …Brod, drum bringt ihr so heimlich. Wollen es nun mit Gewalt der armen [Frau] so übel machen, hab schon vielerlei davon reden gehört; glaubt ihr, M…","[wagner-die-kindermoerder] …Ich will ihm nichts nachsagen, [Frau] Bas! ich schwör es Ihnen. Sie wissen ja, daß ich ihr von jeher gut wa…",89,"frau (45), frauen (44)","leben (6), schön (6), mann (4), edel (4), königlich (4), gunst (3), königin (3)","schön (6), königlich (4), gunst (3), leben (6), edel (4), mann (4), königin (3)",[schiller-don-carlos-infa] …oder sind Sie Philipps Frau? Unmöglich! Ich kanns nicht glauben. Eine [Frau] besitzt Des Mannes Herz – und wem gehört das seine? Und bittet er nic…,"[goethe-egmont] …elt zwischen den Zähnen von Weibergüte, unzeitigem Nachgeben, und daß [Frauen] wohl von zugerittenen Pferden sich tragen lassen, selbst aber schlech…","[schiller-die-jungfrau-vo] …Zeit, Wo auch das Weib sich in den Panzer steckt! Die Königin selbst, [Frau] Isabeau, sagt man, Läßt sich gewaffnet sehn in Feindes Lager, Und ein…"
sagen,SD,VERB,122.15010359161539,1.0662497817317036,648,"sagen (496), sage (91), sagst (40), sagten (21)","herr (20), lassen (18), wissen (10), liebe (8), sehen (7), vater (7), ding (7), wort (6)","voraus (5), ding (7), bravo (3), lebewohl (3), herr (20), pflegen (3), wolltest (3), wahrheit (4)","[maler-mueller-golo-und-g] …Riechen eure Neuigkeit schon in der Ferne. Die Gräfin, wollt ihr [sagen], ist niederkommen.…","[schiller-die-raeuber] …wohl nicht gefaßt gemacht? Weiter, nur weiter! Was wollten Sie weiter [sagen]?…",[klinger-die-neue-arria] …Blind [sagst] du?…,341,"sagen (203), sage (87), sagst (46), sagten (5)","lassen (9), wort (8), wissen (6), mensch (6), mutter (5), denken (4), sprechen (4), vater (4)","dein (3), wort (8), ichs (4), möchen (3), glaub (3), wehe (3), mensch (6), wahrheit (3)","[schiller-wallenstein] …Ich will doch hören, was der Schwede mir Zu [sagen] hat.…","[schiller-die-jungfrau-vo] …rat die alte Königin, deine Mutter, Hinzu, und – mich entrüstet es zu [sagen]!…","[goethe-egmont] …nkam. Und höre mich. Laß uns ein ruhiges Wort untereinander wechseln. [Sage] mir: ist es der strenge, ernste Wille deines Vaters, mich zu töten?…"
mädchen,SD,NOUN,120.85262587679959,2.0078518276699415,245,"mädchen (228), mädchens (17)","sehen (9), schön (8), lieben (7), liebe (7), arm (6), unglücklich (6), unschuldig (5), honett (4)","honett (4), närrisches (3), unglücklich (6), unschuldig (5), schön (8), lieben (7), dein (3), krank (4)","[leisewitz-julius-von-tar] …Wie lange weint hier ein verliebtes [Mädchen], ehe die letzte Hoffnung stirbt, die auf die entfernteste Möglichkeit…","[klinger-das-leidende-wei] …estbüchern gefunden, und das war von Ihm. Jetzt geh Er, laß Er meinem [Mädchen] seinen guten Verstand. Herr! und treff ich Ihn noch einmal mit seinen…","[schiller-kabale-und-lieb] …nerträglich, daß sie mir das sagt! Unerträglicher, daß sie recht hat! [Mädchen], du wirst mich nicht überlisten. So warm sprechen Meinungen nicht. Hi…",62,"mädchen (57), mädchens (5)","heilig (5), wissen (3), wunderbar (3), sehen (3)","heilig (5), wunderbar (3), sehen (3), wissen (3)","[schiller-die-jungfrau-vo] …Führt sie herein – Was soll ich davon denken! Ein [Mädchen] bringt mir Sieg und eben jetzt, Da nur ein Götterarm mich retten kann…","[schiller-don-carlos-infa] …[Mädchen], kannst du ewig hassen? Verzeiht gekränkte Liebe nie?…",[goethe-egmont] … Damals kocht es und trieb! – Jetzt schlepp ich mich an den Augen des [Mädchens] so hin. Kann ich sie doch nicht lassen! Kann sie mich doch nicht lieb…
leute,SD,NOUN,110.38937641627459,2.0847639612216406,212,"leute (169), leuten (43)","lassen (9), sehen (6), denken (5), junge (5), haus (4), wissen (4), ehrlich (4), leben (4)","vernünftig (4), ehrlich (4), junge (5), maidel (3), brav (4), andre (3), klug (3), denken (5)","[wagner-die-reue-nach-der] …Von den zwei jungen [Leuten], die sich so gern gehabt haben, und die sich in – – wie heist die Sta…","[goethe-clavigo] …Die [Leute], immer die Leute.…","[klinger-die-neue-arria] …an. Und wohl uns! Wie sollten wir uns anhängen und durchgreifen, wenn [Leute], die den Platz nun einmal vor uns haben, nicht so beherrscht würden. …",52,"leute (39), leuten (13)","wackre (3), arme (3), kennen (3)","wackre (3), arme (3), kennen (3)",[goethe-egmont] …Wackre [Leute]. Neulich hört ich einen auf dem Felde vor tausend und tausend Mensche…,"[schiller-wilhelm-tell] …Und du bist auch so ein dienstfertger Schurke, Und brächtest wackre [Leute] gern ins Unglück. Mag, wer da will, am Hut vorübergehn, Ich drück die…",[schiller-wallenstein] …Narrenspossen! Das heißt die [Leute] scheren. Saal ist Saal. Was kann der Ort viel zu bedeuten haben?…
gesicht,SD,NOUN,102.77975236153459,2.3450489296257984,170,"gesicht (135), gesichter (18), gesichte (8), gesichtern (7), gesichts (2)","sehen (7), mensch (4), bleich (4), vater (4), zug (3), lassen (3), wild (3), seh (3)","bleich (4), finster (3), zug (3), euer (3), sehen (7), seh (3), wild (3), mensch (4)","[schiller-kabale-und-lieb] …Weib! Weib! – Das [Gesicht], mit dem du jetzt vor mir stehst! – Teile mit diesem Gesicht Paradies…","[klinger-simsone-grisaldo] …mich.« Keiner von ihnen rief mir vergebens. Ich konnte kein trauriges [Gesicht] von mir gehen sehen. Um Mitternacht, zu allen Stunden, von Geliebten …","[lenz-der-hofmeister] … Zimmer visitieren – Aber potz Millius, so eßt doch; Ihr macht ja ein [Gesicht], als ob Ihr zu laxieren einnähmt. Nicht wahr, Ihr hättet gern ein Gla…",34,"gesicht (20), gesichte (9), gesichter (3), gesichten (1), gesichts (1)",-,-,"[schiller-wallenstein] …Damit hats nicht Not. Es ist Hier kein [Gesicht], an das ichs richten möchte, Was die entzückte Seele mir bewegt. – O …","[schiller-don-carlos-infa] …Die Königin in Tränen, und auf ihrem [Gesichte] Blut –…","[seume-miltiades] …Nun kenn ich Dich. Du bist der Fasler, der durch ein [Gesicht] Dort sein Gesicht verlor und nun umher Am Markt, am Kynosarg und auf …"
liebe,SD,NOUN,95.89929961469318,0.9015486547070282,1003,"liebe (809), lieben (144), liebes (50)","kind (31), herz (25), lassen (23), gott (21), geben (21), leben (17), sehen (16), miß (15)","miß (15), kind (31), eur (14), hold (7), unsr (12), sanft (9), geben (21), ewig (14)","[schiller-die-verschwoeru] … zu enge für zwei allmächtige Götter – Götter, die sich so gram sind. [Liebe] hat Tränen und kann Tränen verstehen; Herrschsucht hat eherne Augen, …","[maler-mueller-golo-und-g] …ungen Tochter. Großer Gott, wie es der jetzt zu Mut sein muß um ihres [lieben] Bräutigams jung frisch Leben. Wo ist nur der Mann hin? Mann, wo bist …","[wagner-die-kindermoerder] …Für alles, [liebe] Frau Humbrecht! für alles! – Ein Mäulchen, Kleine; das ist Ballrecht:…",526,"liebe (410), lieben (85), liebes (31)","kind (30), schön (15), herz (14), mutter (12), eur (9), heilig (9), glück (8), hoch (8)","kind (30), schön (15), eur (9), mutter (12), haß (7), heilig (9), weib (7), treu (8)","[schiller-wallenstein] …Wie? Keinen Blick Der [Liebe]? Keinen Händedruck zum Abschied? Es ist ein blutger Krieg, in den wir…","[schlegel-alarcos] …in den Tod! Es tötet unaufhaltsam oft ein schnelles Wort: Doch in der [Liebe] blüht für alle Schmerzen Trost. Drum sprich, Alarcos, welches Unheil …","[wolzogen-der-leukadische] …Schritte – Lebe wohl, du väterliches Haus! zum leztenmal umfaßt mich, [lieben] Wände – Ach, die Lust der frohen Kinderjahre schwebt um euch, der ers…"
hund,SD,NOUN,91.39871566882297,4.563507413436808,96,"hund (56), hunde (32), hunden (8)","wütig (3), drein (3)","wütig (3), drein (3)","[lenz-der-hofmeister] …aufe, so kannst du mir mein Kaffeezeug nicht bezahlen, nichtswürdiger [Hund]! Nichts als Schaden und Unglück kann Er machen. Ich will dich verklag…",[schiller-die-raeuber] …Ich bin begraben worden – das heißt: ein toter [Hund] liegt in meiner Väter Gruft; und ich – drei volle Monde schmacht ich …,"[klinger-sturm-und-drang] …ich haben sie lebendig geschunden, und mit Pfeffer eingepökelt. – Die [Hunde]!…",9,"hunde (6), hund (2), hunden (1)",-,-,"[schiller-wallenstein] …Nichts gefrühstückt? Da trink, du [Hund]!…","[goethe-egmont] … frisch! Den Sieg haben wir allein. Brannten und sengten die welschen [Hunde] nicht durch ganz Flandern? Aber ich mein, wir trafen sie! Ihre alten …","[goethe-die-natuerliche-t] …Das flüchtge Ziel, das [Hunde], Roß und Mann, Auf seine Fährte bannend, nach sich reißt, Der edle Hi…"
lachen,SD,VERB,90.68457591459776,3.008512949543138,131,"lachen (74), lacht (23), lache (12), lachte (12), lachst (5), gelacht (3)","weinen (5), laut (5), wissen (3)","laut (5), weinen (5), wissen (3)","[klinger-die-neue-arria] …Ein weises Volk weinte, wenn einer zur Welt kam, und [lachte], wenn einer hinausging.…","[wagner-die-reue-nach-der] …Der Teufel wird ihm auch [lachen], wenn er ihn einmal auf der Schleuder hat! Zeig den Fuß her, Jude! Je…","[schiller-die-raeuber] …ein einlegen, und wirtschaften in meinen alten Tagen. – Ja lacht nur, [lacht] nur! Gelt junger Herr, das habt Ihr rein ausgeschwitzt? – den alten M…",15,"lachen (8), lacht (4), lachst (2), lache (1)",-,-,"[collin-coriolan] …r werdet Rom erobern? Ihr, Volsker, ohne mich? – Ich zürne nicht! Ich [lache] nur! Ihr, Volsker, ohne mich? Und Rom erobern? – Wagt es nicht!…","[schiller-wallenstein] …rlegen, Führen den Knittel, wie wir den Degen. Warum dürfen wir ihrer [lachen]? Weil wir einen furchtbaren Haufen ausmachen!…","[goethe-egmont] … ihn vertrieben aus der Küche, dem Keller, der Stube – dem Bette. Sie [lachen].…"
kriegen,SD,VERB,90.36152463267399,4.253724748411535,97,"kriegen (35), kriegt (25), kriegst (10), kriege (9), kriegte (8), gekriegt (8)","sehen (5), herr (3), schlag (3), müssen (3)","müssen (3), schlag (3), sehen (5), herr (3)","[lenz-der-hofmeister] …l Ihm nur zum voraus sagen, daß wenn Er die Wunde langsam kuriert, so [kriegt] Er auch langsame Bezahlung; wenn Er ihn aber in zwei Tagen wieder auf…","[klinger-die-neue-arria] …nd wichtige Dinge von mir ausgeplaudert worden, und ihr werdet zu tun [kriegen]. Carlo ein Strick, wer einen Bock macht.…",[klinger-sturm-und-drang] …Ich [kriege] Vapeurs – Wollen Mylords den Tee im Garten nehmen? Das Zimmer bekommt…,14,"kriege (10), kriegt (2), kriegen (1), kriegten (1)",-,-,"[goethe-egmont] …nke, wenn du dich irrst, woran du schuld bist: an dem verderblichsten [Kriege], der je ein Land verwüstet hat. Dein Weigern ist das Signal, das die …","[schiller-wallenstein] …ie gesehn! Es gibt Noch höhern Wert, mein Sohn, als kriegerischen, Im [Kriege] selber ist das Letzte nicht der Krieg. Die großen, schnellen Taten de…","[schiller-wilhelm-tell] …Tore setzen, Mit unsrer Armut ihre Länderkäufe, Mit unserm Blute ihre [Kriege] zahlen – – Nein, wenn wir unser Blut dransetzen sollen, So seis für u…"
bruder,SD,NOUN,85.54171403947879,1.129856374103746,408,"bruder (373), bruders (21), brüder (14)","herr (20), lassen (11), leben (9), vater (9), dein (8), freund (7), euer (7), erschlagen (6)","dein (8), herr (20), erschlagen (6), euer (7), glaubst (4), retten (5), gelt (3), beutel (3)","[schiller-die-raeuber] …Euer [Bruder]? Nein beileibe nicht, er darfs nicht wissen! Er gar nicht! – Wenn er …","[klinger-simsone-grisaldo] …den Männern aus dem Spiel, und vollführ mir meinen Plan, oder gib den [Bruder] auf. Du glaubst, du könntest so mit Neckereien über die Männer hüpfen…","[wagner-die-reue-nach-der] …Und darüber erschrecken Sie? Ei, ei, Herr [Bruder]! ist das der Mann, der vorher die ganze Welt fressen wollte? der auf …",195,"bruder (128), brüder (40), bruders (27)","dein (10), herr (7), lassen (5), denken (4), vater (4), sohn (4), sehen (4), geliebter (3)","dein (10), geliebter (3), herr (7), denken (4), sohn (4), sehen (4), kind (3), vater (4)","[schiller-wallenstein] …Ganz recht! Es war Dein ältrer [Bruder], der es tat – du hattest Noch einen jüngern Bruder, wo blieb der?…","[collin-coriolan] …er nicht, Ich spreche nun zu dir als Freund ein Wort. Vergebt mir es, [Brüder]! ach! mich drängt das Herz. – Mein Marcius! die Väter lehrten uns: »D…","[schlegel-jon] …ter Hellen Auf das gesamte Volk der Griechen, und Auf einen Stamm der [Brüder] jeder künftig Den eignen Namen übertragen werde, So sei für sein verl…"
wissen,SD,VERB,84.5106712773653,0.6794872369090804,1019,"weiß (583), wissen (285), wißt (56), wußte (32), wüßte (31), gewußt (17)","gott (37), herr (32), lassen (20), frau (10), wort (10), sagen (10), mann (9), mensch (9)","gott (37), darfs (4), nit (6), woran (4), wohin (8), rot (8), herr (32), womit (3)","[goethe-faust-in-urspruen] …Euch wohl nichts Bessers hie, Als geht zu Frau Spritzbierlein morgen; [Weiß] Studiosos zu versorgen, Hats Haus von oben bis unten voll, Und verste…","[schiller-die-verschwoeru] …r Graf war richtig dort, wie Ihr sagtet, und bezahlte mit schwarz und [weiß] das Weggeld zu einem konterbandenen Himmelreich.…","[klinger-simsone-grisaldo] … ihn selbst und seine Treuen mehreren Nachdruck zu gewinnen – Und ich [weiß], ihm gehen noch die Augen auf, er öffnet mir wieder sein Herz, und li…",668,"weiß (377), wissen (159), wißt (63), wußte (17), wüßte (16), wisse (13)","gott (12), mann (11), lassen (10), könig (8), ichs (8), freund (7), mensch (7), herr (6)","ers (5), ihr (4), ichs (8), welch (6), möchen (6), geschehen (6), woher (3), freilich (4)","[schiller-die-jungfrau-vo] …mich ins Auge scharf Und spricht: »Gesell, Ihr suchet einen Helm, Ich [weiß], Ihr suchet einen. Da! Nehmt hin! Um ein Geringes steht er Euch zu Ka…","[schiller-wilhelm-tell] …Das [weiß] sie auch, daß sie den Reihen führt, Und nähm ich ihrs, sie hörte auf …","[schiller-wallenstein] …Ich bin gefaßter, wenn ich alles [weiß]. Ich will nicht hintergangen sein. Die Mutter Will mich nur schonen. …"
mädel,SD,NOUN,84.29990305909669,5.510265392159829,67,"mädel (57), mädels (10)","schön (3), wissen (3), lieben (3)","lieben (3), schön (3), wissen (3)","[klinger-das-leidende-wei] …ich: was gehen mich Ihre Philosophen und Monaden alle an? Kurzum, ein [Mädel] ist mir lieber, als das all.…","[schiller-die-verschwoeru] …ut gefunden hätte. Sie wälzten sich mir wie unsinnig um den Hals, die [Mädel] schienen sich bald in meines Vaters Farbe vergafft zu haben, so hitzi…","[wagner-die-reue-nach-der] … der Kerl vor so da saß, als hätt er Teufelsdreck gefressen; weil das [Mädel] hier noch einen guten Blutstropfen von seiner Mutter und mir in sich …",2,"mädel (1), mädels (1)",-,-,"[goethe-egmont] …Zwei von Euern Leuten, Seter und Hart, haben einem [Mädel], einer Wirtstochter, übel mitgespielt. Sie kriegten sie allein, und d…","[schiller-wallenstein] …hon ein ander Ding! Alles da lustiger, loser ging, Soff und Spiel und [Mädels] die Menge! Wahrhaftig, der Spaß war nicht gering, Denn der Tilly vers…",
gnädig,SD,ADJ,81.76661776514594,1.6732324054443322,261,"gnädige (101), gnädiger (92), gnädig (34), gnädigen (16), gnädge (9), gnädiges (4)","herr (110), frau (88), wissen (9), gott (9), bitte (5), fräulein (5), fragen (4), verzeihen (4)","frau (88), herr (110), fräulein (5), bitte (5), liebesgott (3), liebster (3), junker (3), gute (3)","[schiller-kabale-und-lieb] …Mein Gesicht, [gnädige] Frau, gehört mir so wenig als meine Herkunft.…","[goethe-goetz-von-berlich] …Hier ist es noch wärmer! [Gnädige] Frau, Eure Diener sind die glücklichsten Menschen unter der Sonne.…","[schiller-die-raeuber] …orträt des seligen Herrn plötzlich still, wie vom Donner gerührt. Das [gnädige] Fräulein deutete drauf hin, und sagte: Ein vortrefflicher Mann! Ja, e…",74,"gnädig (31), gnädger (19), gnädge (11), gnädiger (4), gnädgen (3), gnädige (2)","herr (18), gott (13), prinz (5), fürstin (5), götter (4), wissen (3)","herr (18), gott (13), fürstin (5), prinz (5), götter (4), wissen (3)","[schiller-maria-stuart] … deinen Füßen. Zu Woodstock wars und in des Towers Nacht, Wo dich der [gnädge] Vater dieses Landes Zur ersten Pflicht durch Trübsal auferzog. Dort s…","[collin-balboa] …ckt. Was mir mein König nicht versagen würde, Das fordr ich nun, mein [gnädger] Herr, von euch, Ein schnelles strenges offnes Kriegesrecht.…","[schiller-don-carlos-infa] …Wem sonst, mein Prinz, als Ihrer [gnädigen] Verwendung bei des Königs Majestät Kann ich es zuzuschreiben haben? –…"
narr,SD,NOUN,81.14998390472095,4.127408298630135,106,"narr (68), narren (38)","arm (6), fürn (3), halten (3), treten (3), machen (3), welt (3)","fürn (3), arm (6), treten (3), machen (3), halten (3), welt (3)",[lenz-pandaemonium-german] …Die [Narren]!…,"[klinger-die-zwillinge] … mir gestohlnen Braut, Herzog zu werden; und ich bin auf dem Weg, ein [Narr] zu werden über alles das! Aber abdringen will ich sie ihm! er soll si…","[klinger-simsone-grisaldo] …Um ein [Narr] zu werden. Wenn Ihr wieder gescheit seid, so kommt zu mir. Ihr sprech…",5,"narren (3), narr (2)",-,-,[schiller-wallenstein] …Der [Narr]!…,"[goethe-egmont] … lassen. Wir wollen nicht verachtet noch gedruckt sein, so gutherzige [Narren] wir auch sind.…","[schiller-die-jungfrau-vo] …Er war ein stolz verdrießlich schwerer [Narr], Und wußte nie zu enden – diesmal aber Weiß ers. Er weiß zu rechter Z…"
herum,SD,ADV,76.668314601078,2.847300379437399,119,herum (119),"herz (3), kopf (3), fahren (3), gott (3), überall (3), welt (3), treiben (3)","überall (3), fahren (3), treiben (3), kopf (3), welt (3), gott (3), herz (3)","[maler-mueller-golo-und-g] …t Rüstung und kostbarer Kleidung, zieh hin durch die Welt, versuch es [herum], durch Italien, mach deinen Namen an manchem auswärtigen Hofe bekannt…","[schiller-die-raeuber] …In dieser Revier [herum], sagen sie, werd ich ihn antreffen – he, holla! was sind das für Gesi…","[klinger-sturm-und-drang] …Wild ist ebenso wunderlich, so außerordentlich freudig; fährt [herum], reicht nach dem Himmel, als wollte er ihn herunterziehen. Hab ihm Tr…",17,herum (17),-,-,"[collin-coriolan] …Ich ging um einen großen Teil [herum], Und fand mit Leuten alles vollbesetzt, Die müßig schauen.…","[goethe-torquato-tasso] …horchend Ohr ein Wort von deiner Lippe, So wird ein neuer Tag um mich [herum] Und alle Bande fallen von mir los. Ich will dir gern gestehn, es hat …","[schiller-wallenstein] …ht im Vertrage nichts – Da kommt man denn So in der Stille hinter ihm [herum], Macht mich erst schwächer, dann entbehrlich, bis Man kürzeren Prozeß…"
lassen,SD,VERB,75.82429101848146,0.5286142972421887,1445,"laß (545), lassen (415), laßt (183), läßt (140), ließ (80), gelassen (35)","sehen (35), gehen (22), herz (21), wissen (20), stehen (19), vater (19), sagen (18), dein (17)","dein (17), gehen (22), merken (12), ruh (8), grüßen (7), eur (11), zufrieden (9), anspannen (5)","[wagner-die-kindermoerder] …ter! – unter uns! – vor meiner Frau wollt ich mich es so nicht merken [lassen] – aber – wenn es wahr ist, wie Er mir es da vorgelesen hat, so kommt …","[lenz-die-soldaten] …nd erklären als ich, denn ich weiß um alle seine Geheimnisse. Aber es [läßt] sich nicht öffentlich sagen.…","[goethe-goetz-von-berlich] …hr ist. Die Anführer sind müde, sich von Euch so harte Worte geben zu [lassen], haben beschlossen, Euch aus dem Weg zu räumen. Mäßigt Euch oder seht…",1105,"laß (420), laßt (211), lassen (191), läßt (118), ließ (94), gelassen (39)","hören (24), wort (20), sehen (17), leben (17), gehen (16), vater (15), fallen (15), schweigen (14)","gehen (16), hören (24), schweigen (14), viel (4), sichs (4), drum (12), komm (10), fort (14)",[schiller-wallenstein] …Knüpft seit der frühen Jugend dich an ihn – Du nährst den Wunsch – O! [laß] mich immerhin Vorgreifen deinem zögernden Vertrauen – Die Hoffnung nä…,"[collin-coriolan] …[Laß] ab von mir! Du hast mich nur getäuscht! Du bist nicht besser, als die…","[schiller-die-jungfrau-vo] … nicht Das Schwert zu führen, noch das kriegerische Roß Zu tummeln. – [Laßt] uns still gehorchend harren, Wen uns der Sieg zum König geben wird. D…"
schlafen,SD,VERB,74.41906420108606,2.2950185775109055,134,"schlafen (84), schläft (32), geschlafen (12), schlafe (4), schliefen (2)","lassen (10), nacht (6), ruhig (6), legen (5), gehen (4), sehen (4), sanft (3), werd (3)","ruhig (6), legen (5), werd (3), nacht (6), lassen (10), heulen (3), sanft (3), gehen (4)","[klinger-die-zwillinge] …lfo schläft ja. O laß mich schlafen, fünf Augenblicke nur! – Laß mich [schlafen] einen Augenblick – o denn nur einen halben! – Ha, Grimaldi! Er faßte …","[klinger-simsone-grisaldo] …der General will. Aber wie leicht ist es ihm, zu ändern. Bei der Ruhe [schläft] seine Macht. Bastiano hat den besten Plan gefunden.…",[klinger-das-leidende-wei] …Kannst du [schlafen]?…,34,"schlafen (13), schläft (12), schlafe (6), schlafens (1), schliefen (1), geschlafen (1)",-,-,"[schiller-don-carlos-infa] …fangen, müßten Hier Wirkung tun. – Laß sehen. – Nicht wahr? – Ja. Sie [schlafen] doch – so deucht mir – in demselben Gemache mit der Königin?…",[schiller-wallenstein] …Die Lichter Sind aus. In tiefem [Schlafe] liegt schon alles.…,"[schiller-die-jungfrau-vo] …ine lange Nacht In frommer Andacht unter diesem Baum Gesessen und dem [Schlafe] widerstand, Da trat die Heilige zu mir, ein Schwert Und Fahne tragend…"
papa,SD,NOUN,73.24286620357447,5.3253476762420435,59,"papa (42), pappa (16), papas (1)","mama (3), herr (3)","mama (3), herr (3)",[klinger-das-leidende-wei] …Weinen Sie doch nicht immer! Ach der [Papa] hat auch geweint.…,[lenz-die-soldaten] …Aber [Papa]. Was wird der arme Stolzius sagen?…,"[lenz-der-hofmeister] …n. Aber Gott hat sich meiner als eines armen Waisen angenommen. Hier, [Papa], ist das Geld, das Sie zu meiner Erziehung in der Fremde angewandt; h…",1,papa (1),-,-,[schiller-wallenstein] …Mutter! sprichst du von meinem [Papa]?…,,
gräfin,SD,NOUN,72.1925799722187,2.483293352682016,117,gräfin (117),"frau (9), liebe (6), unsr (5), arm (5), lavagna (5), schön (4), gnädig (3), lassen (3)","frau (9), lavagna (5), unsr (5), arm (5), liebe (6), eur (3), schön (4), gnädig (3)",[lenz-die-soldaten] …ie wieder recht gut werden können. Zwar wie ich hörte daß sie von der [Gräfin] weggelaufen sei –…,"[schiller-die-verschwoeru] …hen Hund will ich sehen, der am Bären Doria hinaufspringt. Wo ist die [Gräfin]?…","[maler-mueller-golo-und-g] …Auch wahr. Adjes. – Siehst, wenn die gute [Gräfin] wollte, noch heut könnte sie dir frei sein; wenn sie nur mit Golo ...…",24,gräfin (24),-,-,"[schiller-wallenstein] …Sie zittern, [Gräfin] – Sie verbleichen – Gott! Und welche Deutung geb ich Ihren Reden?…","[schlegel-alarcos] …Vergebung flehn. Noch eines will ich dir vertraun, mein Dagobert! Die [Gräfin] lud, eh sie verschied, im Todesschmerz, All die vor Gottes Stuhl, die…","[schiller-don-carlos-infa] …auben machen wollen? Auch das Stehn Wird Ihnen sauer. Helfen Sie Ihr, [Gräfin], Auf dieses Taburett sich niedersetzen.…"
mama,SD,NOUN,72.12287877444942,6.726445984563013,55,mama (55),"liebe (6), frau (5), papa (3)","frau (5), liebe (6), papa (3)","[wagner-die-reue-nach-der] …Sie wissen, [Mama]! ich wiederhohl es, daß ich Ihnen von je her gehorsam war, nicht aus …","[klinger-das-leidende-wei] …Mama, [Mama]!…","[wagner-die-kindermoerder] …n trinkt, soviel sie will, und ihren Rest nehm ich noch auf mich; die [Mama] aber leert ihr Glas so ist hübsch die Proportion gehalten. – Allegro!…",1,mama (1),-,-,"[schiller-wallenstein] …Der edle Wein! Wenn meine alte Herrschaft, Die Frau [Mama], das wilde Leben säh, In ihrem Grabe kehrte sie sich um! – Ja! Ja! He…",,
brav,SD,ADJ,67.8530467723714,2.6176031574777174,125,"brav (57), braver (31), brave (22), braven (11), bravste (3), braves (1)","mann (10), kerl (9), junge (8), halten (5), mensch (4), leute (4), ritter (4), meister (4)","kerl (9), junge (8), mann (10), meister (4), leut (3), jäger (3), ritter (4), halten (5)","[wagner-die-kindermoerder] …Bald hätt ich das Haus nicht gefunden. So, Herr Vetter! das ist [brav]! ich seh, Sie haben meinem Rat gefolgt, und Ihrer Tochter verziehen.…","[maler-mueller-golo-und-g] …Da habt ihr es! Julie, bedankt euch jetzt [brav].…","[lenz-pandaemonium-german] …Der [brave] Junge. Leistet er nichts, so hat er doch groß geahndet.…",17,"brav (7), braven (5), brave (2), braves (1), braver (1), bravste (1)",mann (6),mann (6),[schiller-wallenstein] …Und tausend [brave] Männer kamen um!…,[seume-miltiades] …Ereifere Dich nicht! Das Heiligtum Ist mir so lieb als Dir. Du tatest [brav] An jenem Tage Deine Pflicht; dafür Hast Du den Tisch im Prytaneum; de…,"[schiller-don-carlos-infa] …Schadet nichts. Er findet Dort einen Egmont und Oranien, Die [braven] Krieger Kaiser Karls, so klug Im Kabinett als fürchterlich im Felde.…"
empfindung,SD,NOUN,67.77144508058834,3.699454911466005,69,"empfindung (37), empfindungen (32)",-,-,"[leisewitz-julius-von-tar] …Ja, und diese melancholischen [Empfindungen] sind eben die Frucht davon. Ich habe mir das Bild aller dieser Gegend…","[lenz-die-soldaten] …Amazonen müßten es sein. Eine edle [Empfindung], deucht mich, hält hier der andern die Waage. Die Delikatesse der wei…","[wagner-die-reue-nach-der] …Grausame! must du denn Liebkosungen, Reitze, Zärtlichkeit, [Empfindung], alles aufbieten mich rasend zu machen?…",5,"empfindung (4), empfindungen (1)",-,-,[goethe-die-natuerliche-t] … mir beschieden ist; Nun steigert mir gefürchteter Verlust Des Glücks [Empfindung] ins Unendliche.…,"[goethe-torquato-tasso] …? Nein, o nein! Der Mensch bedarf in seinem engen Wesen Der doppelten [Empfindung], Lieb und Haß. Bedarf er nicht der Nacht als wie des Tags? Des Schlaf…","[schiller-wallenstein] …Vater ihn Zu nennen! Doch sein strenges Auge hieß Die heftig wallende [Empfindung] schweigen, Und jene Diamanten schreckten mich, Die wie ein Kranz von …"
hauptmann,SD,NOUN,65.860458511081,3.104900899220565,100,"hauptmann (97), hauptmanns (3)","euer (6), herr (6), retten (5)","euer (6), retten (5), herr (6)","[schiller-die-raeuber] …s war als heut – den Weg alles Fleisches gehen müssen – Auf! sagt der [Hauptmann], was wiegt ein Freund nicht. – Wir retten ihn, oder retten ihn nicht,…","[goethe-goetz-von-berlich] …ens Zeit und langer unnötiger Diskurse. Kurz und gut. Götz, sei unser [Hauptmann], oder sich zu deinem Schloß und deiner Haut! Und hiermit zwei Stunden…",[wagner-die-kindermoerder] …Herr [Hauptmann]! Sie stehn mir doch –…,9,hauptmann (9),-,-,"[goethe-egmont] …[Hauptmann] Breda schickt die Relation, was weiter in Gent und der umliegenden Ge…","[schiller-wallenstein] …Im Böhmerwald erwischt ihn [Hauptmann] Mohrbrand Vorgestern früh, als er nach Regenspurg Zum Schweden unterw…","[collin-balboa] …Mein [Hauptmann] ist er, mich nur geht er an! Ja, wenn ihr auch als Unser Aller Herr I…"
familie,SD,NOUN,65.05200830636615,6.579104268487827,47,"familie (38), familien (9)",vater (3),vater (3),"[goethe-clavigo] …egenheit von uns stoßen, das Vergangene herzustellen, eine zerrüttete [Familie] wieder aufzurichten, die heldenmütige Tat eines edeln Bruders zu belo…","[schiller-kabale-und-lieb] …daß das Feuer eine Stadt an der Grenze verwüstet, und bei vierhundert [Familien] an den Bettelstab gebracht habe?…","[maler-mueller-golo-und-g] …ieder lebendig heim reitet, so mag er meinetwegen nachher meine ganze [Familie] – o du Viper! Daß der Junge so brav sein mußte draussen im Kriege und…",0,,-,-,,,
hübsch,SD,ADV,62.9345782164897,3.8358047405995697,63,"hübsch (40), hübsche (10), hübsches (6), hübscher (5), hübschen (2)","geben (3), bleib (3)","bleib (3), geben (3)","[schiller-die-raeuber] …breitet, herrliche Früchte hat er getragen. Seht diese Offenheit, wie [hübsch] sie sich zur Frechheit herumgedreht hat; seht diese Weichheit, wie zä…","[lenz-der-hofmeister] …r aufgehenkt worden und wieder vom Galgen gefallen. Sie sind doch ein [hübscher] Herr, ich weiß nicht wie Sie mit dem Menschen umgehen können, nun fre…","[wagner-die-reue-nach-der] …Wenn einer bei euch nur ein [hübsch] glattes Gesicht hat, so ist schon alles gut; schick ihn her!…",4,"hübsch (3), hübsches (1)",-,-,[schiller-wilhelm-tell] …Ich bring dir auch was [Hübsches] mit vom Ehni.…,"[goethe-egmont] …in, nein. Schäme dich nicht! Du zeigst einen guten Geschmack. Sie ist [hübsch]; und es ist mir ganz recht, daß du auf dem Schlosse eine Freundin has…","[goethe-egmont] …Singt doch eins! Brackenburg sekundiert so [hübsch]. Sonst wart ihr lustig, und ich hatte immer was zu lachen.…"
jung,SD,ADJ,62.492317940069825,1.4891087405632648,341,"junge (150), jungen (67), junger (49), jung (36), junges (22), jüngste (8)","herr (40), arm (11), mensch (11), brav (11), herz (10), schön (9), sehen (9), junge (9)","herr (40), brav (11), junge (9), arm (11), herrlich (7), gericht (5), leute (8), mensch (11)","[wagner-die-reue-nach-der] …Von den zwei [jungen] Leuten, die sich so gern gehabt haben, und die sich in – – wie heist …","[klinger-die-neue-arria] …r, frei von allem Hoffen, Begehren und Fordern, steh ich liebeseliger [Junge] hier. Ich war aufrichtig. O lassen Sie mir das ohne Furcht, lassen Si…","[klinger-sturm-und-drang] …War es nicht ein lieber guter [Junge], Carl Bushy?…",80,"jung (20), jungen (19), junger (14), junge (14), junges (5), jüngste (3)","mann (9), herz (5), alter (4)","mann (9), alter (4), herz (5)","[goethe-torquato-tasso] …Du bist noch [jung] genug, daß gute Zucht Dich eines bessern Wegs belehren kann.…","[collin-balboa] …eser Welt! Ach, gönnet mir ein stilles Heiligtum, Eh Menschenhaß mein [junges] Herz ergreife! Da zürntet ihr, wie eine Mutter zürnt, Wohlwollend, li…","[goethe-die-natuerliche-t] …hick vielleicht, Das mir die schwerste Prüfung spät bestimmt Du aber, [jung], von allen Banden frei, Gestoßen in das Weite, dringe vor Und rette d…"
freilich,SD,ADV,62.35474101407712,1.7208033853232696,155,freilich (155),"wissen (8), müssen (3), müßen (3), schön (3), wär (3)","müssen (3), müßen (3), wissen (8), wär (3), schön (3)","[schiller-die-verschwoeru] …Zum Ausschuß! [Freilich], zum Ausschuß!…",[schiller-kabale-und-lieb] …inem Kronleuchter auf den Domino tröpfelte – Ach Gott! das müssen Sie [freilich] noch wissen!…,"[goethe-clavigo] …Was die Sache ist, scheint sie auch. Aber [freilich] dacht ich, daß das verborgene Qualitäten sein müssen, die dein Glück …",48,freilich (48),"wissen (4), böse (3)","böse (3), wissen (4)","[schiller-don-carlos-infa] …Ob Sich Briefe finden ließen? Briefe [freilich] Von dem Infanten, aufgefangen, müßten Hier Wirkung tun. – Laß sehen. …","[schiller-wallenstein] …iches Kosten, Hab ich vom Reich ganz anders denken lernen. Vom Kaiser [freilich] hab ich diesen Stab, Doch führ ich jetzt ihn als des Reiches Feldherr…",[schiller-wilhelm-tell] …Ja [freilich] will ich.…
komödie,SD,NOUN,60.80948602551618,6.482888953228523,43,"komödie (37), komödien (6)",gehen (4),gehen (4),"[lenz-die-soldaten] … als du mein Tochter und du kannst nur immer allesfort mit ihm in die [Komödien] gehn, nur nimm jedesmal die Madam Weiher mit, und laß dir nur immer n…","[lenz-der-hofmeister] …Du wirst doch kein Kind sein – Berg, kommen Sie mit in die [Komödie]?…","[goethe-clavigo] …hte Höhe. Nein, guter Freund, nimm mir es nicht übel, ich hab wohl in [Komödien] gesehen, daß man einen Landjunker so geprellt hat.…",0,,-,-,,,
geben,SD,VERB,59.08896725489694,0.7688362447896692,557,"geben (238), gib (115), gegeben (96), gebt (54), gebe (30), gaben (11)","liebe (21), hand (17), gott (12), lassen (10), leben (10), wort (9), herz (8), sehen (8)","liebe (21), dein (6), hand (17), satisfaktion (5), raum (5), antwort (7), müssen (4), rechenschaft (4)","[klinger-simsone-grisaldo] …no, und liegst zusammen? – Wie, Curio! haben sie Eurer Liebe ein Fest [gegeben]?…","[lenz-der-hofmeister] …Ich mag ihn nicht nennen; das [gäbe] Katzbalgereien, die hier am unrechten Ort wären.…",[goethe-goetz-von-berlich] …[Gebt]! Ihr sollt frei sein!…,379,"geben (129), gebt (68), gib (58), gegeben (55), gaben (38), gebe (24)","hand (17), wort (9), gott (9), könig (7), zeichen (6), mann (6), brief (6), liebe (5)","hand (17), rechenschaft (4), zeichen (6), bescheid (3), brief (6), trank (3), wort (9), götter (5)",[schiller-maria-stuart] …Den Briten wollte sie dies Schauspiel [geben]?…,"[schiller-wilhelm-tell] …Den Mörder [gebt] heraus, den ihr verborgen.…","[goethe-egmont] …Ich danke Euch, daß Ihr mir Gelegenheit [gebt] zu zeigen, daß ich der alte bin.…"
laufen,SD,VERB,55.279420519261066,2.0333728034563086,111,"laufen (38), läuft (23), lief (21), lauft (11), gelaufen (10), laufe (5)","lassen (9), herr (3), kind (3)","lassen (9), kind (3), herr (3)","[maler-mueller-golo-und-g] …Die gute Genovefa! Mir [laufen] gleich die Augen voll Wasser, wenn ich an ihr unglücklich Ende gedenk…",[wagner-die-kindermoerder] …n Sie nicht. Als ein recht braver Kerl hätt er nicht zum Kommendanten [laufen]; sondern seinem Mann das Weiße im Aug selbst weisen sollen. – Damit i…,"[schiller-die-raeuber] …alter Esel auch fortlaufen? – und wie mirs siedigheiß über den Buckel [lief] – wie ich das Zetergeschrei höre draußen im Öhrn, spring herein, und …",36,"läuft (10), laufen (9), lief (9), laufe (5), gelaufen (3)",-,-,"[goethe-iphigenie-auf-tau] … was wir tun, ist, wie es ihnen war, Voll Müh und eitel Stückwerk! So [laufen] wir nach dem, was vor uns flieht, Und achten nicht des Weges, den wir…","[goethe-egmont] …hne Präjudiz! Das ist auch seines Herren Art, splendid zu sein und es [laufen] zu lassen, wo es gedeiht.…","[schiller-wallenstein] …in der Wüsten, Wie wir lesen im Evangelisten, Kamen auch die Soldaten [gelaufen], Taten Buß und ließen sich taufen, Fragten ihn: Quid faciemus nos? Wi…"
unglücklich,SD,ADV,55.14118593977827,2.1506925228873337,156,"unglücklich (49), unglücklicher (34), unglückliche (33), unglücklichen (24), unglückliches (11), unglücklichste (5)","mädchen (7), sehen (6), vater (5), arm (5), mann (4), retten (3), mensch (3), tief (3)","mädchen (7), frauenzimmer (3), arm (5), retten (3), tief (3), sehen (6), augenblick (3), mann (4)","[maler-mueller-golo-und-g] …davon, verbrennt sie! Daß mir ja keiner mehr so begegnet, wo er nicht [unglücklich] sein will! Meine Augen hassen dergleichen, mein Groll empört sich töd…","[leisewitz-julius-von-tar] …Armes, [unglückliches] Geschöpf! –…","[goethe-clavigo] …os zu machen und geht in seiner Insolenz so weit, daß er es wagt, den [Unglücklichen] zu drohen, wagt, denen Freunden, die sich zu ihm begeben, ins Gesicht…",73,"unglückliche (24), unglücklicher (24), unglücklich (17), unglücklichen (4), unglückliches (2), unglücklichste (2)",-,-,[schiller-don-carlos-infa] …[Unglücklicher]! Warum an den mich mahnen? Sprich mir von allen Schrecken des Gewisse…,[schiller-wallenstein] …[Unglücklich] Kind! Unglücklichere Mutter!…,"[schiller-maria-stuart] …[Unglücklicher], hinweg! Was sucht Ihr hier?…"
nase,SD,NOUN,55.13688984901347,4.347373982572042,49,"nase (45), nasen (4)","auge (3), lassen (3)","auge (3), lassen (3)","[leisewitz-julius-von-tar] … leicht. Und sich immer räuchern zu lassen, dazu gehört die göttliche [Nase] eines Gottes, oder vielmehr die hölzerne seiner Bildsäule.…",[klinger-sturm-und-drang] …Nicht zu streichen vor ihnen. Ihnen unter die [Nase] zu lachen und das letzte wegzukapern.…,[goethe-faust-in-urspruen] …Meine [Nase]! War das deine Nase? Waren das die Trauben? Wo ist er?…,2,nase (2),-,-,"[goethe-egmont] …er sprach von der Leber weg; sagte, wie sie uns bisher hätten bei der [Nase] herumgeführt, uns in der Dummheit erhalten, und wie wir mehr Erleucht…","[goethe-egmont] …Ja, so denkt jeder zuerst: was sollst du mit deiner [Nase] voran? hängt doch der Hals gar nah damit zusammen.…",
schreiben,SD,VERB,55.00175241761545,1.4940357332224135,187,"schreiben (74), geschrieben (36), schreibt (27), schreib (19), schrieb (14), schreibe (8)","brief (8), buch (5), herr (4), hand (4), grad (4), alt (3), geist (3), sag (3)","brief (8), vorschrift (3), buch (5), grad (4), laut (3), sag (3), blut (3), geist (3)","[goethe-goetz-von-berlich] …[Schreibt] nur, ich will dafür sorgen.…",[lenz-der-hofmeister] …[Schreib] ihm zurück: sie sollen ihn hängen.…,"[schiller-die-raeuber] …gen Schreibens wert haltet? Darum wirds besser sein, Ihr überlaßt das [Schreiben] mir.…",71,"schreiben (20), schreibt (16), geschrieben (14), schrieb (12), schreib (5), schreibe (3)","könig (3), königin (3), bringen (3)","bringen (3), königin (3), könig (3)",[goethe-egmont] … Namen? Wer nennt ihn nicht bei jeder Gelegen heit? Wo steht er nicht [geschrieben]? In diesen Sternen hab ich oft mit allen seinen Lettern ihn gelesen. …,[schiller-wallenstein] …Wenn er nur lesen kann und [schreiben].…,"[schiller-maria-stuart] …erfen! Doch frei ist mein Gewissen, ich bekenne, Daß sie die Wahrheit [schreibt]!…"
hals,SD,NOUN,54.95759074537362,2.486628583275104,91,"hals (80), halse (11)","brechen (9), fallen (4), schaffen (4), weinen (3), bein (3), dreh (3)","brechen (9), dreh (3), schaffen (4), bein (3), fallen (4), weinen (3)","[klinger-das-leidende-wei] …Rasereien, Rasereien! Brächst du den [Hals]! Mein Brotmesser, ich halt Wort.…",[lenz-der-hofmeister] …Willst du mit der Sprach heraus? – Oder ich dreh dir den [Hals] um.…,"[goethe-clavigo] … abgenötigt und sie auszustreuen weggegangen ist – das bricht ihm den [Hals]; er soll erfahren, was das heißt, einen Spanier mitten in der bürgerl…",20,"hals (14), halse (4), halses (2)",-,-,"[goethe-egmont] …so etwas einfällt. – Es ist mir nun so. Wenn ich einen schönen langen [Hals] sehe, muß ich gleich wider Willen denken: Der ist gut köpfen. – Die v…",[schiller-don-carlos-infa] … wieder gut. In dieser Umarmung heilt mein krankes Herz. Ich liege Am [Halse] meines Roderich.…,"[schiller-wallenstein] … in diesem Kreise! Wie drängte michs in diesem Augenblick, Ihm um den [Hals] zu fallen, Vater ihn Zu nennen! Doch sein strenges Auge hieß Die heft…"
lesen,SD,VERB,54.06826095330245,1.8747230749027712,130,"lesen (74), gelesen (32), liest (7), lese (6), las (6), lest (4)","brief (11), auge (6), buch (4), sehen (4), lassen (3), seele (3), geschichte (3), roman (3)","brief (11), buch (4), roman (3), auge (6), geschichte (3), seele (3), sehen (4), lassen (3)","[schiller-kabale-und-lieb] …dem Fundament, und Menuettanzen und Singen, daß mans in den Zeitungen [lesen] soll; und eine Haube soll sie tragen wie die Hofratstöchter und einen…",[lenz-die-soldaten] …f – ei sieh doch die Jungfer Zipfersaat – ich will ihn unten im Laden [lesen].…,"[schiller-die-verschwoeru] …[Lest] diesen Brief! Bin ich denn wirklich da? Ich glaube, Genua ist um zwöl…",40,"gelesen (10), lesen (10), las (8), lest (4), lese (4), liest (3)",blick (6),blick (6),[schiller-don-carlos-infa] …[Lest].…,"[collin-coriolan] …Er schwieg – doch [las] man deutlich An Stellung, Mienen, Blick sein hohes Wort: »Ich will ni…","[schlegel-jon] …r Blumen, des Laubs hellfarbigen Putz In das faltig geschürzte Gewand [las]. Da erschienest du mir holdselig und groß, Goldlockig das Haupt in am…"
verlieben,SD,VERB,53.99152175590973,4.930716387625036,44,"verliebt (39), verlieben (5)",-,-,[klinger-sturm-und-drang] …Der Blasius ist [verliebt] in dich.…,"[klinger-simsone-grisaldo] …Noch so schön ist. Ob er [verliebt] in mich ist, oder werden wird. Ob er nicht melancholisch wegen seiner…","[lenz-die-soldaten] …in drei Tagen nicht hier gewesen und die ganze Welt sagt, er hab sich [verliebt] in die kleine Madam Düval, da in der Brüßlerstraße.…",1,verliebt (1),-,-,"[goethe-egmont] …r Seele. Ich hätte ihn heiraten können und glaube, ich war nie in ihn [verliebt].…",,
gewiß,SD,ADV,53.40949059210001,1.0230716388153989,355,"gewiß (235), gewissen (78), gewisse (28), gewisser (10), gewisses (4)","wissen (9), herr (7), gott (6), halten (5), frau (4), gehen (4), vater (4), donna (4)","donna (4), werd (3), person (4), müssen (3), neu (4), gewissen (4), gehen (4), gnädig (4)","[maler-mueller-golo-und-g] …dem Turm droben, der gute Mann für den wollt ich nun sicher schwören, [gewiß] und wahrhaftig. Tut doch Alles Adolf gleich zu wissen, Fräulein, daß …","[klinger-die-zwillinge] …Gott, meine Liebe! Grimaldi wallt dir eine düstre Wallfahrt nach. Und [gewiß] wärst du noch hier; denn ich wollte dich gepflegt haben, wollte dich …","[lenz-die-freunde-machen-] …. Ich sah da eine große Rolle Papier aus seiner Tasche gucken, es war [gewiß] wieder ein nichtswürdiges Geschäfte für Euch, er hatte nur nicht das …",195,"gewiß (134), gewissen (45), gewisser (8), gewisse (6), gewisses (2)","ists (6), sehen (5), schön (4), wissen (4), tod (4), freund (4), lassen (3), mensch (3)","ists (6), ruhm (3), sehen (5), tod (4), schön (4), freund (4), frei (3), wissen (4)","[schiller-wallenstein] …Wer nicht ist mit mir, der ist wider mich. Die zärtlichen [Gewissen]! Wenn sie nicht Durch eine Hintertür, durch eine Klausel –…","[goethe-die-natuerliche-t] …eifle nicht, du hast es selbst erraten. Auf nächste Hoheit deutet sie [gewiß]. Den Schmuck der Fürstentochter bringt man dir, Weil dich der König b…","[schiller-don-carlos-infa] …Ich denke nach, wie glücklich ein [Gewisser], Den ich nicht nennen darf, an meinem Platze Sein müßte.…"
frauenzimmer,SD,NOUN,52.62280612165426,4.897926452507367,44,"frauenzimmer (41), frauenzimmers (2), frauenzimmern (1)","sehen (4), unglücklich (3)","unglücklich (3), sehen (4)","[schiller-die-verschwoeru] …O bleiben Sie, schöne gnädige Frau. Das [Frauenzimmer] ist nie so schön als im Schlafgewand, es ist die Tracht seines Gewerb…","[maler-mueller-golo-und-g] …Gesichter, wie diese hier, [Frauenzimmer], recht schöne.…","[lenz-der-hofmeister] …ne dich, ich weiß, so dreust du scheinst, bist du doch blöde gegen es [Frauenzimmer], und darum lieb ich dich: aber wenn es auch nichts mehr wäre, als daß…",1,frauenzimmer (1),-,-,"[schiller-don-carlos-infa] … Königin. Er stutzte Und sah mich an, da mir das Wort entwischte, Ein [Frauenzimmer] sende mich.…",,
hofmeister,SD,NOUN,52.32444146381625,6.268764147875676,40,"hofmeister (39), hofmeisters (1)","herr (7), lassen (3)","herr (7), lassen (3)","[goethe-goetz-von-berlich] …amen, nicht aus Leidenschaft, behüte Gott! nur zum Zeitvertreib. Sein [Hofmeister], zu tätig, um ein Gelehrter, zu unlenksam, ein Weltmann zu sein, erfa…",[klinger-das-leidende-wei] …Ich hab jetzt was – nur den Gedanken erreicht – Adieu Herr [Hofmeister].…,"[lenz-der-hofmeister] …nen Hof anzulegen, wo er als Monarch oben auf dem Thron sitzt und ihm [Hofmeister] und Mamsell und ein ganzer Wisch von Tagdieben huldigen, so würd er s…",0,,-,-,,,
küssen,SD,VERB,51.15163057704943,2.766569107324542,101,"küssen (48), küsse (28), küßte (18), küßt (7)","hand (11), küs (8), lassen (6), lippe (6), eur (4), sehen (4), sollen (3), mund (3)","küs (8), hand (11), lippe (6), eur (4), mund (3), sollen (3), lassen (6), sehen (4)","[wagner-die-kindermoerder] …r, daß ich dich küsse dafür – Was! du wirst rot, wenn dich dein Vater [küßt]! – sollst du wohl schon so verdorben – doch, ich vergaß, daß die Mams…","[lenz-der-hofmeister] …auf ihre Lippen gedrückt; ich hab diesen unschuldigen Mund mit meinen [Küssen] versiegelt, welcher mich sonst durch seine Zaubersprache zu noch weit…","[klinger-die-zwillinge] … und schien mir in Himmel überzugehn. Nun, Vater? Nicht so ernsthaft! [Küssen] Sie Ihren Sohn noch einmal! Meine Mutter! Laßt mich glücklich sein! A…",11,"küssen (6), küsse (4), küßt (1)",-,-,[goethe-pandora] …So [küsse] mich!…,"[collin-coriolan] …, deine Hand! Sie hat Mich treu gepflegt! Die gute Hand! Laß mich Sie [küssen] – so – Und auch die Augen, ach Die viele Nächte sorgend für mich wach…","[goethe-iphigenie-auf-tau] …t, dem Liebsten, was die Welt Noch für mich tragen kann, das Haupt zu [küssen], Mit meinen Armen, die den leeren Winden Nur ausgebreitet waren, dich…"
trinken,SD,VERB,48.69973444634933,2.4393523049448746,97,"trinken (44), trank (17), trinkt (17), getrunken (13), trinke (6)","eins (10), essen (9), wein (7), freund (4), gesundheit (4), ißt (3), wasser (3), leben (3)","eins (10), essen (9), wein (7), gesundheit (4), ißt (3), bouteille (3), wasser (3), freund (4)","[maler-mueller-golo-und-g] … grüßte uns höflich, schöpfte mit der Hand Wasser aus dem Brunnen und [trank] eins.…","[klinger-das-leidende-wei] …ert mich das. Und wie glücklich! Aus diesem Glas hier, hat sie Wasser [getrunken].…","[goethe-goetz-von-berlich] …erz, und die Freudigkeit ist die Mutter aller Tugenden. Wenn Ihr Wein [getrunken] habt, seid Ihr alles doppelt, was Ihr sein sollt, noch einmal so leic…",28,"trank (13), trinken (7), trinkt (6), getrunken (2)",geben (3),geben (3),"[schlegel-jon] …ie gehegt hat unter ihrem Herzen, Bevor er Luft und Licht des Himmels [trank]; Unnennbar auch des Sohnes Zug zu ihr, Wenn er der Mutter teuren Leib…",[schiller-die-jungfrau-vo] …ein engländisch Roß mehr aus den Wellen Der prächtig strömenden Loire [trinken].…,"[schiller-wallenstein] …chäm ich dieser Schwachheit mich! Religion ist in der Tiere Trieb, Es [trinkt] der Wilde selbst nicht mit dem Opfer, Dem er das Schwert will in den …"
bekommen,SD,VERB,48.3055915626346,3.02787262507922,59,"bekommen (39), bekommt (10), bekam (6), bekäme (2), bekamen (1), bekomme (1)",kind (3),kind (3),"[lenz-der-hofmeister] …blieb tot liegen – Er bringt sich um, wenn er keine Nachricht von mir [bekommt].…",[schiller-die-raeuber] …cherer auf dem Todesbett foltern – bei mir wird er nimmermehr Audienz [bekommen]!…,"[wagner-die-kindermoerder] …in Kalb: – kann Sie nicht gleich wieder einen Platz als Stubenmädchen [bekommen], so will ich Sie als Säugamm rekummedieren –…",7,"bekam (4), bekommen (2), bekamen (1)",-,-,"[seume-miltiades] … ist, Noch zwischen Paros und Ekbatana. Wo wäre denn das Gold, das er [bekam]? Von wem erhielt er es? Und sodann, wozu? Kann er wol mehr sein als d…","[schiller-wallenstein] …ärs nicht aus Lieb für den Wallenstein, Der Ferdinand hätt uns nimmer [bekommen].…",[schiller-don-carlos-infa] …Den Sie vorhin von mir [bekamen].…
wetter,SD,NOUN,47.62627480885964,3.5282319386892773,51,"wetter (49), wettre (1), wettern (1)","donner (5), schön (5), sturm (3)","donner (5), schön (5), sturm (3)",[maler-mueller-golo-und-g] …Morgen. Mich friert. Stark Hahnengekräh unten im Dorf; bekommen ander [Wetter].…,"[schiller-kabale-und-lieb] …ßt ich ja auch bei dem Lever zugegen sein, und Seiner Durchleucht das [Wetter] verkündigen.…","[lenz-der-hofmeister] …u da hin; jetzt ist es nicht Zeit zum Hinfallen. Heraus mit, oder das [Wetter] soll dich zerschlagen. Zur Hure gemacht? Ist es das? – Nun so werd de…",4,wetter (4),-,-,"[seume-miltiades] … mein Haus, daß selbst der Archon kommt Und es besucht, jetzt, da das [Wetter] sich Rund um dasselbe thürmt; das tut mir wohl. Und Aristides selber …","[schiller-wallenstein] …[Wetter] auch! wo Ihr nach uns fragt, Wir heißen des Friedländers wilde Jagd, …","[schiller-don-carlos-infa] …zahmen Laster, Beherrscht vom Zaume, dienen meinen Zwecken, Wie deine [Wetter] reinigen die Welt. Ich brauche Wahrheit – Ihre stille Quelle Im dunke…"
maul,SD,NOUN,47.15903965134577,4.758763704835742,59,"maul (58), maulen (1)","halt (13), halten (10), lassen (5), voll (4)","halt (13), halten (10), voll (4), lassen (5)","[maler-mueller-golo-und-g] …usdrücke mehr lauten, die einem bei der Gelegenheit so leicht über es [Maul] herwachsen – dann herbei, Steffen! Hinzu, fingre ihm hurtig das ferti…","[klinger-das-leidende-wei] …r, man kommt ja nicht aus mit dir. Das sind dir nun Kerls, hatten das [Maul] beständig voll von Versen, Amors und den Schwänk, das geht mich nicht…","[wagner-die-kindermoerder] …Halt 's [Maul]! und tu, was ich dir sagte.…",4,maul (4),-,-,"[goethe-egmont] …Haltet Euer [Maul]! das weiß man lange! Ein jeder rechtschaffene Bürger ist, soviel er b…","[goethe-egmont] …gleichen kann er gerichtet werden, nur vom gesamten Orden. Dein loses [Maul], dein böses Gewissen verführen dich zu solchem Geschwätz.…",[goethe-egmont] …Ungewaschen [Maul]!…
königin,Klassizismus,NOUN,-356.5142026717169,-5.146387300584131,8,königin (8),-,-,"[klinger-die-neue-arria] …bt den umstehenden Bäumchen Sonne und Wachstum, diese sterben vor der [Königin] dahin. Kraft hat sie, dein Überbau liegt an ihrer Wurzel. Herrlich em…",[klinger-sturm-und-drang] …äme dich! bist du Berkleis Tochter! Bushy dienen? Bushys Magd? keiner [Königin] nicht. Ha! das könnte mir in tiefen Schlaf einfallen und mich toll ma…,[klinger-simsone-grisaldo] …Ich brauch eine [Königin].…,322,"königin (313), königinnen (9)","zimmer (6), hand (6), herz (5), bringen (5), name (5), sehen (4), stehen (4), geschehen (4)","zimmer (6), england (3), ungarn (3), vorgemach (3), name (5), versprechen (3), majestät (4), geschehen (4)","[schiller-maria-stuart] …Ein hohes Kleinod ist der gute Name, Der unbescholtne Ruf der [Königin], Den kann man nicht zu wohl bewachen, Sir!…","[schlegel-jon] …Sag keine Frevel, fremde [Königin].…","[schiller-die-jungfrau-vo] …oß.« Und also sprechend ließ sie das Gewand Der Hirtin fallen und als [Königin] Der Himmel stand sie da im Glanz der Sonnen, Und goldne Wolken trugen…"
könig,Klassizismus,NOUN,-230.1538532797764,-1.6544907653530296,204,"könig (160), königs (28), könige (16)","sehen (5), land (4), person (4), schach (3), maurer (3), lassen (3), ohr (3), fürchten (3)","schach (3), person (4), untertan (3), maurer (3), land (4), fürchten (3), ohr (3), gehen (3)","[klinger-simsone-grisaldo] …l ich sehen, der ihn fordert. General, Ihr wollt also morgen zu Eurem [König] reisen?…","[leisewitz-julius-von-tar] … über den Punkt gemacht. Als Guido noch ein Knabe war, immer im Spiel [König] sein wollte, und für die Bewunderung seiner Gespielen so gefährlich a…","[schiller-die-verschwoeru] …e Stichblatt fechten, wie auf dem Schach alle Offiziere den wehrlosen [König] bedecken? Überrumpelst du diesen – Matt! und wirf getrost das ganze B…",667,"könig (450), königs (124), könige (72), königen (13), königes (6), könge (2)","vater (16), majestät (11), herr (11), dein (10), lassen (9), thron (8), wissen (8), sprechen (8)","dein (10), unsers (6), ungarn (4), majestät (11), thron (8), vater (16), wille (7), gunst (6)",[schiller-wilhelm-tell] …Das Feld gehört dem Bischof und dem [König].…,"[schiller-die-jungfrau-vo] …nds vereinte Macht, Dich stürzt der eigne Kleinmut von dem Thron. Die [Könige] Frankreichs sind geborne Helden, Du aber bist unkriegerisch gezeugt. …","[goethe-die-natuerliche-t] … teil an jeder edlen Tat, An jeder großen Handlung, die den Vater Dem [König] und dem Reiche werter macht. Mein frischer Sinn, die jugendliche Lust…"
volk,Klassizismus,NOUN,-225.6625331918402,-2.4921220949092358,62,"volk (43), volks (16), völker (2), volkes (1)","senat (4), weise (3)","senat (4), weise (3)","[schiller-kabale-und-lieb] …ben, daß Sie eine Britin sind. Die freigeborene Tochter des freiesten [Volks] unter dem Himmel – das auch zu stolz ist, fremder Tugend zu räuchern,…",[schiller-die-raeuber] …lühenden Kindern zum zweiten Mal leben – hier! hier der Abgott deines [Volks] – aber der böse Feind schmollte darzu! Warum bin ich hiehergekommen? …,"[schiller-die-verschwoeru] …eufels gelesen, als hier den Ihren gehört – so zeigte sich Fiesco dem [Volk]. Sie kennen ihn, den Mann, der befehlend flehet, den Wucherer mit den…",361,"volk (245), volks (45), völker (44), volkes (20), völkern (7)","dein (9), hirte (7), führen (6), edel (5), glauben (5), unsr (5), heilig (4), wild (4)","dein (9), hirte (7), gen (3), verblendet (3), aufgebracht (3), zunge (4), strömen (3), sammeln (3)","[goethe-egmont] …nder auf, wenn eine flüchtig vorübergehende Ungezogenheit eines rohen [Volks] bei uns lange vergessen ist. Da faßt er einen recht herzlichen Haß au…","[schiller-die-jungfrau-vo] … habt, Königin! Erklärt das Glück sich gegen uns, seht Ihr, Daß unsre [Völker] fliehen –…","[schiller-maria-stuart] …Es fodert Das Haupt der Stuart – Wenn du deinem [Volk] Der Freiheit köstliches Geschenk, das teuer Erworbne Licht der Wahrhe…"
schnell,Klassizismus,ADV,-150.37785356815635,-2.1832983626481606,62,"schnell (47), schnellen (5), schneller (4), schnelle (3), schnellsten (2), schnelles (1)",-,-,[wagner-die-reue-nach-der] …Noch glaub ich zu träumen – hat Ihre Mutter sich so [schnell] –…,"[goethe-faust-in-urspruen] …ses Opfer haben! Hilf, Teufel, mir die Zeit der Angst verkürzen, Mags [schnell] geschehn, was muß geschehn! Mag ihr Geschick auf mich zusammenstürzen…","[klinger-die-neue-arria] … – Der Aufruhr zieht durch Stadt und Dorf, ich will flüchten um desto [schneller] über sie herzufallen.…",287,"schnell (223), schnellen (25), schnelle (16), schneller (11), schnelles (5), schnellem (5)","wort (9), blick (6), retten (6), zorn (5), mut (4), hinweg (4), verlieren (4), hoch (4)","zorn (5), dein (4), retten (6), wort (9), hinweg (4), fliehen (4), ändern (3), blick (6)","[goethe-egmont] … von Ypern ihnen die Tore eröffnen. Wie sie den Dom mit unglaublicher [Schnelle] verwüsten, die Bibliothek des Bischofs verbrennen. Wie eine große Men…","[goethe-torquato-tasso] …ir alle stehn bestürzt. Und deine Sanftmut, dein gefällig Wesen, Dein [schneller] Blick, dein richtiger Verstand, Mit dem du jedem gibst was ihm gehört…","[collin-balboa] …h, Alter! Habt ihr auf euern engelreinen Mann Die feste Zuversicht so [schnell] verloren?…"
stets,Klassizismus,ADV,-139.09061461477785,-5.0655889567925625,3,stets (3),-,-,"[schiller-die-verschwoeru] …Schwester, bist du doch [stets] von Schmetterlingen umschwärmt, und ich von Wespen. Wer kann abkommen…","[wagner-die-reue-nach-der] …hter Gott! kannst du denjenigen so im Unglücke sehn, der, gleich dir, [stets] für andre zu sorgen bedacht war! – Wilhelm, bestell er den Pack Akten…","[leisewitz-julius-von-tar] …verfolgen – ich will dir eine Erinnerung in die Seele setzen, die dir [stets] »Guido« zurufen soll, heller »Guido« rufen soll, als das Gewissen ein…",122,stets (122),"bleiben (6), herz (5), eng (3), wissen (3), freund (3)","bleiben (6), eng (3), herz (5), freund (3), wissen (3)",[schiller-wallenstein] …So hast du [stets] dein Spiel mit uns getrieben!…,"[goethe-iphigenie-auf-tau] …Daß du in das Geheimnis deiner Abkunft Vor mir wie vor dem Letzten [stets] dich hüllest, Wär unter keinem Volke recht und gut. Dies Ufer schreck…","[schlegel-jon] …elbesuchtem Sitz: Ist kein geheimer Ausspruch zu erlangen? Du, der du [stets] beim Heiligtum verkehrst, Kannst etwa mir mit Rat behilflich sein.…"
feldherr,Klassizismus,NOUN,-131.80339933597298,-7.567384856369816,0,,-,-,,,,98,"feldherr (63), feldherrn (33), feldherren (2)","hören (4), fliehen (4), volsker (3), sagen (3), gut (3), flieh (3)","flieh (3), fliehen (4), volsker (3), hören (4), gut (3), sagen (3)","[collin-coriolan] …In Ordnung – nach dem Auftrag, [Feldherr]. Die Güter, die den Edlen Roms gehören, Von Brand und Plündrung blieb…",[schiller-wallenstein] …Des [Feldherrn] heilige Person!…,"[goethe-torquato-tasso] …Waffen, die ein jeder Held An dem beschiednen Tage kräftig zeigt, Des [Feldherrn] Klugheit und der Ritter Mut Und wie sich List und Wachsamkeit bekämpf…"
hoch,Klassizismus,ADJ,-130.98994738630128,-1.757561678721462,100,"hohe (21), höher (16), höchste (13), hohen (12), höchsten (10), hohem (4)","gefahr (4), berg (3), ehre (3)","gefahr (4), berg (3), ehre (3)",[schiller-die-verschwoeru] …nnen sind – diesem sind fünf gute Dolche gewachsen. In drei Tagen ist [Hohe] Messe in der Lorenzokirche. Beide Doria halten dort ihre Andacht. In …,[lenz-die-soldaten] …Du [höchster] Gegenstand von meinen reinen Trieben. Er denkt doch honett seh ich. H…,[goethe-satyros] …Welch göttlich [hohes] Angesicht!…,351,"hohen (79), hohe (71), höchste (50), höchsten (45), hoher (40), höher (26)","gott (11), glück (7), liebe (7), geist (6), haus (6), ehre (6), wille (5), richter (5)","kleinod (4), audienz (4), schule (4), himmlisch (5), gesammt (3), wesen (5), ehre (6), richter (5)","[schiller-maria-stuart] …seh ich sie In den Geschichten dieses Landes spielen. Ich sehe diesen [hohen] Adel Englands, Des Reiches majestätischen Senat, Gleich Sklaven des S…","[schiller-die-jungfrau-vo] …drigkeit – weil Gott Mit reicher Schönheit ihren Leib geschmückt, Mit [hohen] Wundergaben sie gesegnet, Vor allen Hirtenmädchen dieses Tals, So näh…","[goethe-die-natuerliche-t] …s. Nicht ohne Schickung trifft der Leidende Mit dem zusammen, der als [höchste] Pflicht Die Linderung der Leiden üben soll.…"
haupt,Klassizismus,NOUN,-128.25234121234493,-2.301304734909188,46,"haupt (44), haupte (2)","grau (5), hand (3), krone (3)","grau (5), krone (3), hand (3)","[maler-mueller-golo-und-g] …der Herzog ist alt, ohne Erben, du Golo warst es, bist es, auf dessen [Haupt] ich den Herzoghut setzen will.…","[klinger-die-zwillinge] …Guelfos eine stählerne Keule, zu zerbrechen damit das [Haupt] –…","[goethe-goetz-von-berlich] … Wenn sie ihn gefangennähmen, als Rebell behandelten, und sein graues [Haupt] – Lerse, ich möchte von Sinnen kommen!…",227,"haupt (211), haupte (12), haupts (2), hauptes (2)","ums (8), kind (8), sehen (7), krone (7), teuer (6), fallen (5), würdig (5), setzen (5)","ums (8), krone (7), ründen (3), gekrönt (3), teuer (6), kind (8), zierde (3), würdig (5)","[schlegel-jon] …. Erstaunen faßte jeden, der es sah; Mein Jon aber warf den Kranz vom [Haupt] Zerriß den Mantel und mit lauter Stimme: »Dank dir, Apoll, der mich p…",[schiller-die-braut-von-m] …Des redlichen Diego greises [Haupt]!…,"[goethe-torquato-tasso] …r selbst die Erde kaum berührt, Berührt der höchste Lohn ihm kaum das [Haupt]. Ein unfruchtbarer Zweig ist das Geschenk, Das der Verehrer unfruchtb…"
nahen,Klassizismus,VERB,-110.07775574014097,-3.8797124343026015,45,"nahe (36), nahen (4), naht (4), nahte (1)",-,-,"[goethe-goetz-von-berlich] …ein Anblick zerreißt mir das Herz. Wie liebt ich ihn! und nun ich ihm [nahe], fühl ich, wie lebhaft.…","[wagner-die-kindermoerder] …rr Vetter! und hören, was ich Ihnen zu sagen habe. – Es geht mir sehr [nahe] – vielleicht bin ich auch irre, aber es ist doch Pflicht –…","[lenz-die-soldaten] …dt hat nicht unrecht, was wollt Ihr von ihm. Und der erste der ihm zu [nahe] kommt – setzen Sie sich Herr Pastor, er soll Ihnen Genugtuung geben. …",153,"naht (56), nahn (32), nahe (30), nahen (29), nahte (5), nahten (1)","tod (4), freund (4), liebe (3), hören (3)","tod (4), freund (4), liebe (3), hören (3)","[collin-coriolan] …Wenn er im Grimme jetzt den Blitz schon schwingt – Und nun die Bitten [nahn], – die trauernden – Es sinkt sein Arm, er schleudert nicht den Blitz;…","[schiller-wilhelm-tell] …ie Euch folgten? Macht mich bekannt mit ihnen, daß wir uns Zutraulich [nahen] und die Herzen öffnen.…","[schiller-wallenstein] …Freunden droht dir nahes Unheil, Die Zeichen stehen grausenhaft, nah, [nahe] Umgeben dich die Netze des Verderbens.…"
heer,Klassizismus,NOUN,-106.734595615101,-3.2219753281432904,13,"heer (10), heere (2), heeres (1)",-,-,"[klinger-simsone-grisaldo] …e, und stört euch an nichts. Ich hab mich auf mich verlassen, und das [Heer] in Granadens Plänen gelagert. Zu jenem Berg, meine süße Almerine, und…","[schiller-die-verschwoeru] …Pfui, gnädiger Herr. Das ist das verächtliche [Heer] der langen Finger. Ein elend Gewerb, das keinen großen Mann ausbrütet…","[schiller-die-raeuber] …uf. Cassius, wo bist du? – Rom verloren! Hingewürgt mein brüderliches [Heer], Meine Zuflucht zu des Todes Toren! Keine Welt für Brutus mehr! Cäsar…",132,"heer (98), heere (21), heers (8), heeres (5)","kaiser (6), führen (5), feind (5), könig (4), schrecken (3), stehen (3), spitze (3), stoßen (3)","kaiser (6), spitze (3), flandern (3), stoßen (3), führen (5), feind (5), schrecken (3), verlassen (3)","[schiller-die-jungfrau-vo] … Zur Flucht, und Wehr und Waffen von sich werfend Entschart das ganze [Heer] sich im Gefilde, Da hilft kein Machtwort, keines Führers Ruf, Vor Sch…","[goethe-iphigenie-auf-tau] …ache Ziel Erreicht, vernahm ich nicht. Mein Vater führte Der Griechen [Heer]. In Aulis harrten sie Auf günstgen Wind vergebens: denn Diane, Erzürn…","[schiller-wallenstein] …Das Heer ist meine Sicherheit. Das [Heer] Verläßt mich nicht. Was sie auch wissen mögen, Die Macht ist mein, si…"
kaiser,Klassizismus,NOUN,-102.10340864858492,-1.8266130441935056,68,"kaiser (57), kaisers (11)","reich (4), glücklich (3), räuber (3)","reich (4), räuber (3), glücklich (3)","[goethe-goetz-von-berlich] …bekenne öffentlich durch diesen Brief: daß, da ich mich neulich gegen [Kaiser] und Reich rebellischer Weise aufgelehnt« –…","[schiller-die-verschwoeru] …Der Aufruhr schwelle mir an die Gurgel! – [Kaiser] Karl! Mit dieser einzigen Silbe will ich sie niederwerfen, daß in gan…","[schiller-die-raeuber] …benher hatten unsere Kerls noch das gefundene Fressen, über den alten [Kaiser] zu plündern. – Sagt einmal! was habt ihr weggekapert?…",263,"kaiser (172), kaisers (90), kaisern (1)","herr (12), dienst (9), land (8), dein (6), heer (6), lassen (5), name (5), feind (5)","dienst (9), wenn (4), herr (12), dein (6), land (8), heer (6), armee (4), eid (3)","[schiller-wilhelm-tell] …hnst, Ein freier Mann auf deinem eignen Erb, – Denn er hat keins. Vom [Kaiser] selbst und Reich Trägst du dies Haus zu Lehn, du darfst es zeigen, So…","[schiller-wallenstein] …Da! der Slawata und der Martinitz, Auf die der [Kaiser], allen guten Böhmen Zum Ärgernisse, Gnadengaben häuft – Die sich vom …","[schiller-don-carlos-infa] …Daß es Der [Kaiser] müsse sein, bewies das Zepter, Das er in Händen trug.…"
götter,Klassizismus,NOUN,-92.859481799779,-2.5302200414132807,32,"götter (23), göttern (9)",himmel (4),himmel (4),"[schiller-die-raeuber] … bringt? Wer wird künftig deinen Kleinen lehren Speere werfen und die [Götter] ehren, Wenn hinunter dich der Xanthus schlingt?…","[klinger-das-leidende-wei] …Das sind [Götter], Suschen.…","[klinger-simsone-grisaldo] …ugen, die Tiger und Löwen in Staub legen. Dieses sind die Locken, die [Götter] vom Himmel ziehen. Und dieses ihre Wangen, wofür das Morgenrot erschr…",180,"götter (144), göttern (36)","rat (6), wissen (5), bringen (5), gnädig (4), hoch (4), schützen (4), geben (4), gut (3)","rat (6), schützen (4), gnädig (4), bringen (5), geben (4), hoch (4), gut (3), retten (3)","[schiller-maria-stuart] …Denkt an den Wechsel alles Menschlichen! Es leben [Götter], die den Hochmut rächen! Verehret, fürchtet sie, die schrecklichen, D…","[goethe-iphigenie-auf-tau] …er, vom Altar Mich in sein Bette mit Gewalt zu ziehn? So ruf ich alle [Götter] und vor allen Dianen, die entschloßne Göttin, an Die ihren Schutz der…","[collin-coriolan] …Was dankest du den [Göttern]? Eile, Feldherr, Wenn du dein Leben liebst.…"
frei,Klassizismus,ADV,-91.06658591803307,-1.460542475177825,119,"frei (74), freier (13), freien (13), freie (11), freies (5), freiem (3)","lassen (7), genua (6), herz (5), fühlen (4), himmel (4), herr (4), sehen (3), edel (3)","genua (6), gebären (3), fühlen (4), edel (3), wär (3), lassen (7), himmel (4), herz (5)","[goethe-goetz-von-berlich] …dann verglichen werden mag. Dem sei wie ihm wolle, Adelbert, Ihr seid [frei]; ich verlange weiter nichts als Eure Hand, daß Ihr inskünftige meinen…","[schiller-die-raeuber] …Gelt, Bruder? Und ich denke, wenn ich ihm zehen stelle, läßt er mich [frei] ausgehen – gibt ja jeder Verleger seinem Sammler das zehente Exemplar…","[schiller-die-verschwoeru] …u etwas Großem aufgehoben bin, und darum bin ich gnädig, und du gehst [frei] aus.…",313,"frei (187), freien (52), freie (39), freier (21), freiem (8), freies (5)","mann (18), leben (9), mut (7), geist (6), lassen (6), sprechen (6), brust (6), schön (6)","mann (18), mut (7), gestehen (4), mir (3), trieb (4), gemüt (4), brust (6), geist (6)","[schlegel-alarcos] …eber sehen, Als länger hören dies ihr schmerzlich Flehen! Nun bist du [frei], Alarcos; schon der erste Schritt Geschehn. Was übrig noch, ist leich…","[schiller-wallenstein] … Kaiser Rudolf abgezwungen, Ein köstlich unschätzbares Pergament, Das [frei] Geläut und offenen Gesang Dem neuen Glauben sichert, wie dem alten. D…","[schiller-wilhelm-tell] …rausend schäumen, Die Flüsse ruhig und gemächlich ziehn, Da sieht man [frei] nach allen Himmelsräumen, Das Korn wächst dort in langen, schönen Aue…"
fürstin,Klassizismus,NOUN,-89.78566765126878,-4.224757768814618,4,fürstin (4),-,-,"[schiller-kabale-und-lieb] …erwidern kann, Ihrem weinenden Lande, und lernen von einer britischen [Fürstin] Erbarmen gegen Ihr teutsches Volk. In einer Stunde bin ich über der G…","[goethe-faust-in-urspruen] …, ihr vergehn die Sinnen. Ich sag Euch, es sind Sachen drein, Um eine [Fürstin] zu gewinnen. Zwar Kind ist Kind und Spiel ist Spiel.…","[schiller-die-verschwoeru] …enken, wie ihn noch kein Europäer sah – Kommt! – dieser unglücklichen [Fürstin] will ich eine Totenfeier halten, daß das Leben seine Anbeter verliere…",95,fürstin (95),"gnädig (5), wort (4), hand (3), fürst (3), mutter (3)","gnädig (5), fürst (3), wort (4), mutter (3), hand (3)","[goethe-torquato-tasso] …rer wert zu sein? Sie konnte dir vertraun und dadurch bist du es. Ja, [Fürstin], deinen Worten, deinen Blicken Sei ewig meine Seele ganz geweiht! Ja,…","[schiller-don-carlos-infa] …Eben das Ist man gewohnt, von mir vorauszusetzen. Die [Fürstin] Eboli ist frei. Wo wir Verstummen müssen, zwingen Pflichten Sie Zu re…","[schlegel-jon] …Schon wartet drinnen dein die Pythia. Allein wie kommt es, [Fürstin] von Athen, Daß du vom heitern Anblick dieses Tempels, Der sonst die S…"
glück,Klassizismus,NOUN,-88.42569167363624,-1.202235633104028,166,"glück (156), glücks (8), glückes (2)","liebe (7), leben (5), ehre (5), lassen (4), wunsch (4), euer (3), elend (3), wünschest (3)","wünschest (3), wunsch (4), ehre (5), eurem (3), liebe (7), euer (3), verderben (3), elend (3)","[goethe-clavigo] …nun aber werd ich durch Ihre Dazwischenkunft zum Handelsmann, der das [Glück] hat, durch Umsetzung der einheimischen Produkte den Ruhm seines Vater…","[lenz-die-soldaten] …et werden. Armes Kind, wo dachten Sie hin und gegen welch ein elendes [Glück] wollten Sie alle diese Vorzüge eintauschen? Die Frau eines Mannes zu …","[lenz-die-freunde-machen-] …Ich komme, Ihnen [Glück] zu wünschen, Strephon! Sie triumphieren. Sie haben ein Meisterstück g…",393,"glück (331), glücks (40), glückes (22)","schön (10), dein (8), hoch (7), liebe (7), leben (7), unglück (6), lassen (6), neu (6)","dein (8), nossen (3), unglück (6), schön (10), neu (6), ruhm (5), unendlich (3), unserm (3)","[goethe-die-natuerliche-t] …Fehler büßest, So führst du, wie ein überirdsches Wesen, Der Unschuld [Glück] und Wunderkräfte mit. So ziehe denn hinüber! Trete frisch In jenen Kr…","[schiller-die-braut-von-m] …Insel auf der Jagd verschlungnen Pfaden, Doch keine Spur hat uns dein [Glück] verraten, So daß ich bald mich überreden möchte, Es hülle sie ein Zau…","[goethe-pandora] …Ist es wohl ein [Glück] zu nennen, was in Gegenwart Ausschließend wegweist alles, was ergötzl…"
fremd,Klassizismus,ADJ,-84.15588230087772,-2.1019232589315417,59,"fremden (20), fremde (16), fremd (10), fremder (10), fremdes (3)","land (5), herr (4)","land (5), herr (4)","[klinger-sturm-und-drang] …Mylord! Mylord! [Fremde] von Ihrem Wert machen uns das traurige Leben hier, leicht und angeneh…","[maler-mueller-golo-und-g] …denken, unter Stein und Ruinen dein Bild getreu in meinem Busen durch [fremde] Länder tragen, herrliches, edles Geschöpf! Du bist es und bleibst es …","[goethe-clavigo] …as gegen ihn zu unternehmen, so wär es ihm ein leichtes, sie in einem [fremden] Lande zu verderben, wo sie ohne Schutz und Hülfe seien. Das arme Mädc…",218,"fremden (69), fremde (62), fremd (42), fremder (25), fremdes (12), fremdem (8)","land (8), welt (6), unsr (5), hand (5), schicksal (5), mann (5), leben (5), tragen (5)","joch (5), land (8), lehrer (3), kalt (4), schicksal (5), eigen (5), unsr (5), tragen (5)","[schiller-don-carlos-infa] …oft, Wie oft, mein Vater, sah ich schamrot nieder, Wenn die Gesandten [fremder] Potentaten, Wenn Zeitungsblätter mir das Neueste Vom Hofe zu Aranjuez…","[schiller-wallenstein] …des Schicksal ist sie fest gebunden, Die aber ist die Beste, die sich [Fremdes] Aneignen kann mit Wahl, an ihrem Herzen Es trägt und pflegt mit Innig…","[goethe-iphigenie-auf-tau] …m Gesetz. Und laß mich nicht allein für unsre Freiheit, Laß mich, den [Fremden] für die Fremden, kämpfen! Fall ich, so ist ihr Urteil mit dem meinen …"
feind,Klassizismus,NOUN,-83.11901547754488,-1.4027644603836034,108,"feind (58), feinde (36), feinden (12), feindes (2)","schlagen (4), mann (3), reich (3), arg (3), böse (3)","arg (3), schlagen (4), reich (3), böse (3), mann (3)","[goethe-goetz-von-berlich] …Kein Wort mehr davon! Ich bin ein [Feind] von Explikationen; man betrügt sich oder den andern, und meist so bei…",[klinger-sturm-und-drang] …Harry! Du sollst dich nicht mit ihm schießen. Was? mit dem Sohn eines [Feindes]? ha! und warum? weil du deinen Vater gerochen hast? Geschworen sei es…,"[klinger-simsone-grisaldo] …hehen pflegt. Den maurischen König haben Eure Völker, in zwei für den [Feind] Kastiliens sehr blutigen Siegen zur Unterwerfung und jährlichen Tribu…",290,"feind (152), feinde (91), feinden (25), feindes (20), feinds (2)","freund (11), führen (7), sehen (7), hand (6), vaterland (5), böse (5), stehen (5), unsr (5)","england (4), freund (11), dein (5), verkaufen (4), verjagen (3), umgeben (4), böse (5), führen (7)","[schiller-die-jungfrau-vo] …Weil nun der [Feind] so mächtig und kein Schutz Vom König mehr zu hoffen, haben sie Zu Vau…","[schiller-wilhelm-tell] …borenen Beschützer gaben, Und ders verläßt, der treulos übertritt Zum [Feind], und Ketten schmiedet seinem Land, Ihr seids, der mich verletzt und k…","[schiller-wallenstein] …Ich kann mich manchmal gar nicht in ihn finden. Er leiht dem [Feind] sein Ohr, läßt mich dem Turn, Dem Arnheim schreiben, gegen den Sesina…"
königlich,Klassizismus,ADJ,-76.27180048527217,-2.602350218407313,19,"königliche (7), königlich (4), königlichen (4), königlicher (2), königliches (1), königlichem (1)",-,-,"[schiller-die-raeuber] …in die Knie gesunken war? Dazumal verhieß ich dir eine Belohnung, die [königlich] wäre, ich konnte diese Schuld bisher niemals bezahlen –…","[goethe-goetz-von-berlich] …sen hätte, wie denn das meistenteils beisammen ist. Sie nennen es ein [königlich] Spiel, und sagen, es sei für einen König erfunden worden, der den Erf…","[klinger-simsone-grisaldo] …Zerfall in Stücken unter meinem Degen, und tritt vor die Tür. Ich hab [königliche] Wache, salutiert mich!…",124,"königlichen (45), königliche (33), königliches (17), königlicher (13), königlich (12), königlichem (4)","blut (8), gnade (5), eur (5), majestät (5), haus (4), vater (4), herr (4), gunst (4)","blut (8), gnade (5), majestät (5), eur (5), frau (4), gunst (4), haus (4), herr (4)","[schiller-don-carlos-infa] …lich, Sire! Dies Mittel, seiner Gattin Herz zu prüfen, Dünkt mir sehr [königlich] und edel – Doch Noch eine Frage möcht ich mit erlauben.…","[goethe-egmont] …er? Was fangt ihr an? Bürger gegen Bürger! Hält sogar die Nähe unsrer [königlichen] Regentin diesen Unsinn nicht zurück? Geht auseinander, geht an euer G…","[schlegel-jon] … Enkelin, Ist meine Fürstin; Xuthus, ihr Gemahl, Führt jetzo dort das [königliche] Szepter.…"
edel,Klassizismus,ADJ,-74.6446798054213,-1.290551916232738,142,"edler (36), edle (26), edel (23), edlen (19), edles (15), edeln (12)","mann (11), herz (10), ritter (8), mensch (7), denken (6), seele (5), frei (5), lassen (5)","ritter (8), mann (11), tapfer (4), herz (10), frei (5), denken (6), mensch (7), jüngling (3)","[maler-mueller-golo-und-g] …O gestern Nacht ... Golo, wenn du betest, an Siegfried denkst! ... Du [edler] Mann, konntest auch du so tief hinunter sinken? – Wen hör ich drausse…","[lenz-der-hofmeister] …e – Ich möchte dich tot drücken – Daß du so großmütig bist, daß du so [edel] denkst – daß du – – mein Junge bist –…","[goethe-goetz-von-berlich] …Ich möchte die Leute gerne schonen, sie sind tapfer und [edel]. Wenn ich Kriege führte, müßten sie mit mir zu Felde.…",359,"edler (92), edle (80), edlen (65), edeln (47), edel (29), edles (28)","mann (38), herz (19), herr (12), mensch (10), stolz (8), freund (7), volk (7), denken (6)","mann (38), herz (19), herr (12), stolz (8), dein (5), mensch (10), ritter (5), frau (5)","[collin-balboa] …Wenn ich im höheren Gespräch euch nun Und diesen [Edlen] störe, so vergebt.…","[schiller-maria-stuart] …r, es ist mein Wille, Daß man auf Leib und Leben ihn verklage. – Mein [edler] Talbot! Euch allein hab ich Gerecht erfunden unter meinen Räten, Ihr …","[schiller-die-jungfrau-vo] …Mein [edler] Feldherr, den des Blutes jammert, Das schon geflossen und noch fließe…"
reich,Klassizismus,NOUN,-74.37007385682094,-1.5716726753424142,100,"reich (39), reichen (27), reicher (11), reiche (8), reichs (8), reichsten (3)","kaiser (4), kraft (4), mann (4), hand (3), feind (3), arm (3), mensch (3), lassen (3)","kaiser (4), kraft (4), feind (3), mann (4), arm (3), hand (3), mensch (3), lassen (3)","[klinger-sturm-und-drang] …Willkommen. Ich hab Ihnen ein Kompliment gemacht als ich einlief. Ein [reiches] englisches Schiff, Mylord. Übrigens ich bin müd.…","[klinger-die-zwillinge] …Ich will nichts, ich bin [reich].…","[lenz-die-freunde-machen-] …ltäter wie Sie würde ich aufgesucht haben, so weit menschliche Kräfte [reichen]. Sie sollen bei mir bleiben, Sie sollen Haus und Habe und unser beide…",288,"reich (148), reichen (42), reiche (40), reiches (22), reichs (16), reicher (11)","hand (8), dein (6), gott (5), könig (5), natur (4), lassen (4), leben (4), fest (4)","dein (6), grenze (4), hand (8), friede (3), gabe (3), natur (4), gehören (3), voll (3)",[schiller-don-carlos-infa] …Ich heiße Der [reichste] Mann in der getauften Welt; Die Sonne geht in meinem Staat nicht unte…,"[schiller-maria-stuart] …ungemeßnen Räumen. Dort, wo die grauen Nebelberge ragen, Fängt meines [Reiches] Grenze an, Und diese Wolken, die nach Mittag jagen, Sie suchen Frankr…","[goethe-iphigenie-auf-tau] …ie Öde meiner Wohnung; Doch jetzt, da ich befriedigt wiederkehre, Ihr [Reich] zerstört, mein Sohn gerochen ist, Bleibt mir zu Hause nichts, das mic…"
brust,Klassizismus,NOUN,-73.65340705049374,-1.3513759729252413,104,"brust (100), brüste (4)","drücken (6), herz (5), liegen (4), voll (4), hand (4), glühend (3), liebe (3), gedanke (3)","drücken (6), eisen (3), voll (4), glühend (3), liegen (4), gedanke (3), hand (4), herz (5)","[schiller-die-verschwoeru] …k! – Unnachahmlich! Göttlich, Romano! – Und noch die weiße, blendende [Brust], wie angenehm noch von des Atems letzten Wellen gehoben! Mehr solche …","[schiller-die-raeuber] … dir als Erbe zu. Geh – du bist der größte Römer worden, Da in Vaters [Brust] dein Eisen drang; Geh – und heul es bis zu jenen Pforten: Brutus ist …","[lenz-die-freunde-machen-] …e Gewicht meiner unglückseligen Bestimmung. Leidenschaft genug in der [Brust], das Höchste zu wünschen, und doch zu wenig Mut und Kraft, was anders…",271,brust (271),"eigen (10), tief (8), frei (6), treu (6), eurer (5), herz (5), heben (5), treue (5)","eurer (5), eigen (10), tief (8), entgegen (3), treue (5), heben (5), treu (6), voll (4)","[wolzogen-der-leukadische] …ge wohl auch richtig, die ich schon oft vernahm, es heile schnell die [Brust], von allgewaltigem Verlangen der Lieb in wilden Flammen aufgezehrt, d…","[schlegel-jon] …digt, Und seh es schon erfüllt. Ein Jüngling zielte Nach eines Weibes [Brust], doch schoß er nicht; Des Argwohns Nattern, die ein liebend Paar Umwa…","[schiller-maria-stuart] …An dieser [Brust], Auf diesem Liebe atmenden Munde –…"
geschick,Klassizismus,NOUN,-73.48398927466987,-3.436868239485739,8,geschick (8),-,-,"[klinger-simsone-grisaldo] … und sitzen dir über dem Kopf. Kann ein Mensch durch sich wegen bösem [Geschick] nicht fort, so tut er am besten –…","[klinger-die-neue-arria] … an, ich verstünd die Kunst, aus des Menschen Gesicht, sein künftiges [Geschick] zu lesen. – Donna, diesen Blick nicht. Bei dem Schatten meiner Brunel…","[goethe-faust-in-urspruen] …der Angst verkürzen, Mags schnell geschehn, was muß geschehn! Mag ihr [Geschick] auf mich zusammenstürzen, Und sie mit mir zu Grunde gehn!…",88,"geschick (80), geschicks (4), geschickes (2), geschicke (2)","ewig (5), fremd (3), ehrn (3), leben (3)","ehrn (3), ewig (5), fremd (3), leben (3)",[schiller-die-jungfrau-vo] …Beklage mich! Beweine mein [Geschick]!…,[goethe-torquato-tasso] …enken! Und leider eines herrlichern Geschenks Verleugnung fordert das [Geschick] von mir. Die Krone kleidet den Gefangnen nicht: Ich nehme selbst von …,"[goethe-die-natuerliche-t] …So kann ich freilich nur beglückte Fahrt, Ergebung ins [Geschick] und Hoffnung wünschen.…"
eigen,Klassizismus,ADJ,-73.05530670194698,-1.6762615766196138,64,"eignen (32), eigner (15), eigne (12), eignes (3), eignem (2)","hand (12), herr (3), kind (3), schuld (3), haus (3), tochter (3)","hand (12), schuld (3), tochter (3), haus (3), kind (3), herr (3)","[klinger-simsone-grisaldo] …en Besten des Landes aufopfern, sich mit liefern, und immer gegen ihr [eignes] Eingeweid wüten. Mich ekelt hier alles an, und ich zieh nach Granada.…","[maler-mueller-golo-und-g] …n je einem Andern anvertraue; da dank ich, fressen soll er aus meiner [eignen] Hand.…","[leisewitz-julius-von-tar] …Wissen Sie es, Aspermonte, jeder hat seine eigne Vernunft, wie seinen [eignen] Regenbogen! – Ich die Vernunft der Liebe; – Sie die Vernunft der Träg…",239,"eignen (120), eigne (47), eigner (29), eignes (22), eignem (18), eigenem (2)","herz (17), hand (13), brust (10), mund (9), auge (8), kind (8), sohn (7), kraft (7)","mund (9), dein (7), herz (17), brust (10), hand (13), erb (3), kraft (7), kind (8)","[schiller-wallenstein] …des Drachen Zähne sät, Erfreuliches zu ernten. Jede Untat Trägt ihren [eignen] Rache-Engel schon, Die böse Hoffnung, unter ihrem Herzen. Er kann mir…","[goethe-die-natuerliche-t] …Doch deinem Herzen, deinem Geist genügt Nur [eigner], innrer Wert und nicht der Schein.…","[schiller-maria-stuart] …gen. Wohl darf der Mann, den deine Gunst vor allen Auszeichnet, einen [eignen] kühnen Weg Einschlagen, seine Pflicht zu tun.…"
treu,Klassizismus,ADJ,-71.7295469088149,-1.6432488803454306,93,"treu (43), treue (31), treuer (10), treuen (6), treues (2), treuste (1)","leib (7), liebe (6), herz (5), glauben (5), ewig (4), halten (4), seele (4), gehorsam (3)","leib (7), glauben (5), schwur (3), gehorsam (3), liebe (6), ewig (4), rein (3), seele (4)","[schiller-die-raeuber] …O Amalia! Wie lieb ich dich um dieser unerschütterten [Treue] gegen meinen Bruder – verzeih, daß ich es wagte, deine Liebe auf dies…","[klinger-simsone-grisaldo] …ist es, ihr drescht auf leerem Stroh hier, da werden solche Menschen, [Treu] und Glauben ist euch nichts.…","[maler-mueller-golo-und-g] …Siegfried, ich bin es, wahrhaftig und lebend, dir [treu] und rein immer, so wahr meine Hand die deine faßt, drin in dieser Höh…",268,"treu (92), treue (85), treuen (47), treuer (29), treues (9), treuste (5)","herz (14), brust (11), freund (11), diener (10), liebe (10), eur (8), mann (7), dienst (7)","diener (10), brust (11), leib (7), eur (8), dienst (7), freund (11), liebe (10), rat (7)","[schiller-wilhelm-tell] …laß mich nicht im fürchterlichen Ernst. Nur jetzt noch halte fest, du [treuer] Strang, Der mir so oft den herben Pfeil beflügelt – Entränn er jetzo …","[goethe-egmont] …eralpardon aus, er beruhige die Gemüter; und bald wird man sehen, wie [Treue] und Liebe mit dem Zutrauen wieder zurückkehrt.…","[collin-coriolan] …Sieh da! Minutius, mein [treuer] Freund!…"
vertrauen,Klassizismus,NOUN,-69.24246262527885,-1.9183686398132815,54,"vertrauen (29), vertraut (10), vertraute (5), vertrauten (5), vertraue (3), vertraun (1)","lassen (4), gott (3)","lassen (4), gott (3)","[klinger-das-leidende-wei] …nsre Empfindungen verfeinert. Mit den Musen und Grazien schwesterlich [vertraut] gelebt. Ja, wir haben aus der Quelle selbst geschöpft.…","[goethe-goetz-von-berlich] …Blut geflossen ist, totes Werkzeug, belebt durch des edelsten Geistes [Vertrauen] auf Gott! Es war ein Mönch bei uns vor Jahr und Tag, der Euch besucht…","[schiller-die-raeuber] …möchte den Ozean vergiften, daß sie den Tod aus allen Quellen saufen! [Vertrauen], unüberwindliche Zuversicht, und kein Erbarmen!…",231,"vertrauen (71), vertraun (65), vertraut (53), vertraute (19), vertraue (12), vertrauten (9)","mann (6), lassen (5), gott (5), verdienen (4), treu (4), kaiser (4), brust (3), grab (3)","ward (3), verdienen (4), kindlich (3), fürstlich (3), dein (3), hinab (3), neigung (3), grab (3)","[schiller-maria-stuart] …h der Plauderer, Ich aber will zu deinem Herzen reden! Und was ich im [Vertraun] auf deine Gunst Gewagt, will ich auch nur vor deinem Herzen Rechtfert…","[goethe-iphigenie-auf-tau] …So Büß ich nun das [Vertraun], das du erzwangst.…","[goethe-torquato-tasso] …O Leonore, welch [Vertraun] ist das? Hat er von seinem Staate je ein Wort, Ein ernstes Wort mit m…"
vaterland,Klassizismus,NOUN,-69.19909795577603,-2.016437012517724,34,"vaterland (24), vaterlands (8), vaterlandes (2)",vater (8),vater (8),"[klinger-simsone-grisaldo] …ißt eure Ketten nicht mehr, Grisaldo liegt in stärkern Ketten. O mein [Vaterland]! o mein König!…",[schiller-die-verschwoeru] …Ausländer wider die Kinder des [Vaterlands]! Teutsche gegen Italiener! Soldaten neben die Gesetze!…,"[leisewitz-julius-von-tar] … Entschluß nicht besiegen – Sie haben recht, ich opfere ihr Vater und [Vaterland], aber ist ein minder edles Opfer Blankas würdig? – Wann ich für sie d…",147,"vaterland (114), vaterlandes (18), vaterlands (15)","dein (6), feind (5), herz (4), fremd (4), athener (4), stolz (3), lieben (3), könig (3)","dein (6), athener (4), feind (5), fremd (4), boden (3), ruhm (3), stolz (3), lieben (3)","[schiller-wilhelm-tell] …der leichten Freude jagen, Und buhlen um die Fürstengunst, indes Dein [Vaterland] von schwerer Geißel blutet.…","[goethe-iphigenie-auf-tau] …Auch Palamedes, Ajax Telamons, Sie sahn des [Vaterlandes] Tag nicht wieder.…","[collin-coriolan] …d hast Du denn mich Armen nicht getäuscht? Du hast! Du hättest an des [Vaterlandes] Wohl, Von jedem Eigennutze frei, gebaut? O ja! das zeigt sich nun! – …"
schweigen,Klassizismus,VERB,-66.6053587353461,-2.1053174898282485,34,"schweigen (19), schweigt (7), schweigst (4), schwieg (3), geschwiegen (1)",still (6),still (6),"[schiller-kabale-und-lieb] …eiß, worein ich mich stürze; aber wenn auch Klugheit die Leidenschaft [schweigen] heißt, so redet die Pflicht desto lauter – Ich bin der Schuldige. Ich…","[lenz-der-englaender] … Ihnen meinen Namen zu nennen, meine Geschichte zu erzählen. Das tote [Schweigen] der Natur und die feierliche Stille dieser meiner Sterbestunde flößt …","[wagner-die-reue-nach-der] …Wenn du nicht [schweigst], Plaudertasche, so schick ich dich und sie –…",146,"schweigen (84), schweigt (29), schweige (12), schweigst (10), schwieg (7), geschwiegen (3)","lassen (14), stimme (6), busen (5), sprechen (5), tief (5), lang (5), glauben (3), brust (3)","lassen (14), stimme (6), brich (3), lang (5), busen (5), tief (5), lernen (3), brechen (3)","[goethe-die-natuerliche-t] …chon entdeckt. Du kannst nicht mehr erfahren, Als du schon weißt, und [schweigst] nun, mir zu Liebe. Was zaudern wir? Komm, laß uns öffnen! komm, Daß u…",[goethe-torquato-tasso] …e Männer diese schöne Stadt In ihrem Busen hegt und welche Frauen. Du [schweigst]? Bedenk es wohl! Entschließe dich.…,"[schiller-maria-stuart] …eid tun, Daß meine Dankbarkeit den Flor der Nacht Entlehnen muß – Das [Schweigen] ist der Gott Der Glücklichen – die engsten Bande sinds, Die zärtesten…"
gunst,Klassizismus,NOUN,-66.38581623202772,-2.6945305847607135,14,gunst (14),-,-,"[goethe-faust-in-urspruen] … wieder gehn, Ich muß Euch noch mein Stammbuch überreichen, Gönn Eure [Gunst] mir dieses Zeichen.…","[wagner-die-kindermoerder] …Fast sollt ich bös werden, daß du mir die [Gunst] nicht angetan hast; gestern erst, meint ich, ich müßt dir es heraushe…","[goethe-goetz-von-berlich] …t Euch zu werden scheint, müßt Ihr mir verzeihen, wenn ich Euch meine [Gunst] entreiße. Ihr besitzt sie ohne Recht, ich schenkte sie einem andern a…",96,"gunst (93), gunsten (3)","könig (6), hoch (5), königlich (4), eur (3), zeichen (3), frau (3), vertrauen (3), glück (3)","erzeigen (3), königlich (4), hoch (5), könig (6), zeichen (3), frau (3), eur (3), vertrauen (3)","[schiller-don-carlos-infa] …och bald Verraten mich die ungewohnten Strahlen Der neuen königlichen [Gunst]. Der Ruf Dringt bis zu dir, wie ich vorhergesehn. Doch ich, von falsc…","[goethe-torquato-tasso] …, sich selbst ein Dichter scheint? Weit eher gönnt er mir des Fürsten [Gunst], Die er doch gern auf sich beschränken möchte, Als das Talent, das je…","[schiller-maria-stuart] … In meine treue Meinung niederschlagen. Wohl darf der Mann, den deine [Gunst] vor allen Auszeichnet, einen eignen kühnen Weg Einschlagen, seine Pfl…"
kühn,Klassizismus,ADJ,-66.12726861322888,-2.390405097393553,23,"kühnen (7), kühn (7), kühner (5), kühnste (2), kühne (1), kühnsten (1)",-,-,"[schiller-die-raeuber] …chauder die Glieder des Mannes noch in frostige Angst rütteln, unsere [kühnste] Entschlossenheit sperren, unsere erwachende Vernunft an Ketten abergl…","[klinger-die-neue-arria] …er meine Achtung verdient. Laß dir das mächtiger Sporn sein, den Gang [kühn] und edel zu vollenden, den du betreten hast. Hinan zum Ziel! dort rei…","[maler-mueller-golo-und-g] …en schwebt ihr Leutchen immer hoch droben, im Auffassen seid ihr sehr [kühn], man möchte euch Anfangs gern Zaum und Gebiß anlegen und immer zu sch…",117,"kühn (55), kühnen (22), kühner (18), kühne (16), kühnem (3), kühnes (2)","mut (7), folgen (5), stolz (4), blick (3), eigen (3), wort (3), weg (3), dein (3)","mut (7), folgen (5), dein (3), stolz (4), schritt (3), eigen (3), kraft (3), blick (3)","[seume-miltiades] …Herüberflogen. Um nun den Verdacht Von sich zu wälzen, wälzen sie ihn [kühn] Auf mich zurück. Ihr Einfluß ist zu groß, Die listige Beschönigung zu…","[schiller-die-braut-von-m] …strickte mich blendend ein Zauber der Hölle? Dem Manne folgt ich, Dem [kühnen] Entführer in sträflicher Flucht. O komm, mein Geliebter! Wo bleibst d…","[schiller-don-carlos-infa] …ze Dem Schein – ich will vor Menschen nicht mehr zittern, Will einmal [kühn] sein wie ein Freund. Mein Herz Soll reden. Tugend nannt er unsre Lieb…"
furcht,Klassizismus,NOUN,-64.12025849102645,-2.188496008629458,25,furcht (25),-,-,"[maler-mueller-golo-und-g] …ge mehr! Aber immer so zwischen Wollen und Nichtwollen, Verlangen und [Furcht] sich wie ein Dieb durch die Nacht hinbergend ... Haben wir nicht Alle…","[schiller-die-raeuber] … der Ewigkeit zu entfalten? Rede, rede! ich bin der Mann der bleichen [Furcht] nicht.…","[schiller-kabale-und-lieb] …ahren werden meine Luise nur reizender machen. – Also nichts mehr von [Furcht], meine Liebe. Ich selbst – ich will über dir wachen wie der Zauberdra…",119,furcht (119),"hoffnung (4), bleich (3), bange (3), herz (3), übel (3), zweifel (3), volk (3), bang (3)","bange (3), bleich (3), bang (3), hoffnung (4), zweifel (3), übel (3), volk (3), herz (3)","[goethe-die-natuerliche-t] …errungner Güter, Als meiner Augen, meines Lebens Licht, Mit Freud und [Furcht], mit Lust und Sorge pflege.…",[schiller-die-braut-von-m] …O jetzt ergreift mich plötzlich bange [Furcht].…,"[schiller-wilhelm-tell] … unter offnem Himmel, schlicht und klar, Sprach er das Recht und ohne [Furcht] der Menschen. Wo sind hier Spuren, daß wir Knechte sind? Ist einer, d…"
senden,Klassizismus,VERB,-64.0695380650815,-3.1672124502614927,10,"senden (4), sandte (2), sende (2), sendet (2)",-,-,[schiller-die-verschwoeru] …Nein! Das kann nicht sein! Den Gedanken [sendet] mir Gott nicht. Alter Geck! als wenn alles Gift nur aus einer und ebe…,"[goethe-goetz-von-berlich] …Als die Nichtswürdigen Miltenberg verbrannten, [sandte] ihn sein Herr, ihnen Einhalt zu tun. Da fiel ein Trupp Bündischer auf…","[schiller-die-raeuber] …Mich [sendet] die hohe Obrigkeit, die über Leben und Tod spricht – ihr Diebe – ihr …",95,"sendet (37), gesendet (23), sende (18), senden (10), sandte (7)","gott (7), könig (4), engel (3)","gott (7), engel (3), könig (4)",[collin-balboa] …Hat Pedrarias dich zu mir [gesendet]? Und bietet er mir Gnade?…,"[schiller-die-jungfrau-vo] …ts durch eine himmlische Gewalt, Mir sagts das Herz, sie ist von Gott [gesendet].…","[collin-coriolan] …Doch, Freund! – – Der Consul [sendet] mich mit einer Botschaft – O daß ich sie verschweigen dürfte!…"
folgen,Klassizismus,VERB,-63.21885042418066,-1.7013853293478132,74,"folgen (38), folge (18), folgt (10), gefolgt (7), folgte (1)",rat (3),rat (3),"[schiller-die-verschwoeru] …en. Schon hab ich vor Ihnen her den Weg zum Ruhme gebahnt. Wollen Sie [folgen]? Ich bin bereit, Sie zu führen. Diese Anstalten, die Sie noch kaum mi…","[lenz-die-soldaten] …t übel raten wird. Er soll sehen, daß ich Seinem Rat in allen Stücken [folgen] werde. Und ich werde Ihm alles wiedererzählen darauf kann Er sich ver…","[goethe-faust-in-urspruen] …Folge mir, ich herze dich mit tausendfacher Glut. Nur [folge] mir!…",203,"folgen (73), folgt (60), folge (43), folgte (10), gefolgt (9), folgten (8)","stern (5), kühn (5), herz (5), herr (4), schritt (4), könig (3), hinweg (3), mutter (3)","stern (5), winke (3), kühn (5), schritt (4), hinweg (3), heer (3), rat (3), herr (4)","[schiller-wallenstein] …d noch sechs andre Generale werden Vermißt, die er beredt hat, ihm zu [folgen]. Das hab er alles schon seit lange schriftlich Bei sich gehabt vom Ka…","[goethe-iphigenie-auf-tau] …ß dir raten, habe Die Sonne nicht zu lieb und nicht die Sterne: Komm, [folge] mir ins dunkle Reich hinab! Wie sich vom Schwefelpfuhl erzeugte Drach…","[collin-coriolan] …st ich! Rache will ich! Mag dann erfolgen, was da will. Wer weiß, Was [folgt]? Wer weiß es? – Wußt ich es wohl, daß ich Mich unter euch je finden w…"
streng,Klassizismus,ADJ,-63.15930882314275,-2.7838039029284776,20,"strenge (9), streng (8), strengsten (2), strenges (1)",-,-,"[maler-mueller-golo-und-g] …tolz; manche versagt sich es selbst, martert sich ab mit angenommener [Strenge], nur die Verzweiflung ihres Anbethers, die ihr so sehr schmeichelt, i…","[goethe-goetz-von-berlich] …mit mir gemacht, schriftlich an alle Haufen zu senden, ihm bei Strafe [streng] nachzukommen.…","[schiller-die-verschwoeru] …Mein Gemahl, das war allzu [streng].…",114,"strenge (38), strengen (26), streng (26), strenges (11), strenger (5), strengste (3)","ernst (5), tugend (5), mann (4), richter (4), halten (4), königin (4), gesetz (3), pflicht (3)","tugend (5), ernst (5), richter (4), ichs (3), gesetz (3), königin (4), halten (4), pflicht (3)","[collin-balboa] …Sei es Freund, sei es Feind, der vor dem Richter steht: Ihm wird sein [strenges] Recht. – So kennt ihr mich, So habt ihr mich in Spanien befunden. Ich…",[schiller-maria-stuart] …r Schuld entledigt haben. Drum übergab ich ihn des Richters Hand. Die [strengste] Rechtsform sollte meine Unschuld Vor aller Welt bewähren und besiegel…,"[goethe-egmont] …es Glück ungebeten, unerfleht am willigsten. Du lösest die Knoten der [strengen] Gedanken, vermischest alle Bilder der Freude und des Schmerzes; ungeh…"
land,Klassizismus,NOUN,-63.063832770123184,-1.187526881321006,121,"land (56), lande (32), landes (21), länder (10), lands (2)","fremd (5), voll (4), könig (4), gelobt (3), gehen (3), stadt (3)","fremd (5), gelobt (3), voll (4), könig (4), stadt (3), gehen (3)","[schiller-die-raeuber] …e mir – wohin – wohin wirst du mich führen? – Fremdes, nie umsegeltes [Land]! – Siehe, die Menschheit erschlappt unter diesem Bilde, die Spannkraf…","[schiller-kabale-und-lieb] …brauch geadelt – – Aber woher denn jetzt diese ungeheure Pressung des [Landes], die vorher nie so gewesen? – Das war im Namen des Herzogtums. – Ich …","[lenz-der-hofmeister] …r Melancholei –, die Strenge ihrer Mutter obenein, Einsamkeit auf dem [Lande], betrogne Liebe – Siehst du das nicht ein, Pätus; siehst du das nicht…",286,"land (145), lande (57), landes (46), länder (27), ländern (6), lands (5)","fremd (8), kaiser (8), schön (7), vater (6), stehen (6), gehen (5), verlassen (5), feind (5)","fremd (8), deutsch (4), kaiser (8), gehen (5), verlassen (5), ists (3), schön (7), arm (5)","[schiller-wallenstein] …sse, stattlich, Gefolgt von eines Heeres Macht – Wenn wir Von Land zu [Lande] wie der Pfalzgraf müßten wandern, Ein schmählich Denkmal der gefallne…","[schiller-wilhelm-tell] … räumt er das Feld, ja selbst Vertrieben bleibt er furchtbar noch dem [Land], Schwer ists und fast gefährlich, ihn zu schonen.…","[schiller-die-braut-von-m] …enn und hört, wie mir geschah. Fünf Monde sinds, es herrschte noch im [Lande] Des Vaters Macht, und beugete gewaltsam Der Jugend starren Nacken in …"
pflicht,Klassizismus,NOUN,-62.53113543404314,-1.6812214269396726,50,"pflicht (37), pflichten (13)",kindlich (3),kindlich (3),"[goethe-clavigo] …g! – Und wär ich Marien mehr schuldig als mir selbst? und ist es eine [Pflicht], mich unglücklich zu machen, weil mich ein Mädchen liebt?…","[schiller-die-raeuber] … was ich tun will, der Spiegel, durch den ich alles betrachte – keine [Pflicht] ist mir so heilig, die ich nicht zu brechen bereit bin, wenns um Euer…","[maler-mueller-golo-und-g] …Ich denke vielmehr, es wäre ja meine [Pflicht] so. Siegfried, ich kann es dir nicht Alles sagen, aber ich meine doch…",167,"pflicht (133), pflichten (34)","tun (8), eur (6), rufen (5), eurer (4), gehorsam (4), erfüllen (4), hoch (4), nächster (4)","eurer (4), eid (4), tun (8), eur (6), gehorsam (4), tu (3), nächster (4), erfüllen (4)","[goethe-torquato-tasso] …er Irrende Was ihm an Wahrheit und an Kräften fehlt. Es fordert meine [Pflicht], so viel ich kann Die Hast zu mäßgen, die dich übel treibt.…","[schiller-wallenstein] …ich auch nicht. Ich kenne dich. Dem edeln Herzen könnte Die schwerste [Pflicht] die nächste scheinen. Nicht Das Große, nur das Menschliche geschehe. …","[schiller-die-jungfrau-vo] …Nicht also! Die fromme [Pflicht] ehrt auch der rohe Krieg, Frei sollt Ihr Eurem Herrn zu Grabe folgen.…"
jungfrau,Klassizismus,NOUN,-61.64844383209905,-4.071562857837195,3,jungfrau (3),-,-,[goethe-satyros] …Es geht doch wohl eine [Jungfrau] mit.…,"[klinger-die-neue-arria] …Sünden nicht. Deine Stimme ist so süß, so süß, sie könnte die heilige [Jungfrau] dem Gelübde rauben. Das kann kein Betrüger. Du bist nicht Julio! – Du…","[maler-mueller-golo-und-g] …Carl, lebe wohl! Lieber Carl! – O Maria, [Jungfrau] rein, halte ihn in deinem Schirm!…",61,jungfrau (61),"heilig (7), heil (5), zart (4), rein (4), gott (4), bringen (3), hoch (3), edel (3)","heilig (7), heil (5), zart (4), rein (4), bringen (3), edel (3), gott (4), hoch (3)","[goethe-die-natuerliche-t] … verworren, mit mir selbst entzweit Und mit der Welt, verehrte heilge [Jungfrau], Siehst du mich hier. Die Angst des Augenblicks, Die Sorge für die Zu…","[schiller-die-jungfrau-vo] …Das Volk ist länger nicht zu bändigen. Sie fodern wütend, daß die [Jungfrau] sterbe. Ihr widersteht vergebens. Tötet sie, Und werft ihr Haupt von …","[schlegel-jon] …t du mich erniedern, meiner Väter Beschützerin? hast du dich, strenge [Jungfrau], Denn gänzlich von Kreusen abgewandt?…"
froh,Klassizismus,ADJ,-60.47994676457256,-2.2063655908628723,23,"froh (15), frohen (4), frohe (3), froher (1)",-,-,"[wagner-die-reue-nach-der] … so verzerrt da liegen. – – Welcher Taten rühmst du dich, Kerl, um so [froh] auszusehn? – Kannst du was Großes wagen? – Hast du Bosheit genug, auf…","[maler-mueller-golo-und-g] …e auch meinen Gram, süße, liebe, heitre Nacht. – Ich bin schon wieder [froh]. Was traure ich denn auch? Was hat mein Herz verbrochen? Viel lieber …","[wagner-die-kindermoerder] … vorher machten wir uns über das Stellagie lustig, und jetzt sind wir [froh], daß wir es haben.…",114,"froh (45), frohen (25), frohe (21), frohem (12), froher (9), frohes (2)","mut (7), mensch (6), herz (5), voll (5), leben (4), botschaft (4), unsr (3), geist (3)","mut (7), botschaft (4), voll (5), mensch (6), freundlich (3), licht (3), stunde (3), unsr (3)","[schiller-don-carlos-infa] …e Ahndung Fliegt durch mein Herz – Der ganze Himmel beugt Mit Scharen [froher] Engel sich herunter, Voll Rührung sieht der Dreimalheilige Dem großen…","[collin-coriolan] …r Tribun nun abgestimmt, Er wäre frei vom Forum weggezogen; Er stünde [froh] nun hier – Ihr weintet nicht. Doch viel zu gut war Decius gefaßt; Er …","[schiller-wallenstein] …nn endlich der Soldat Ins Leben heimkehrt, in die Menschlichkeit, Zum [frohen] Zug die Fahnen sich entfalten, Und heimwärts schlägt der sanfte Fried…"
krieger,Klassizismus,NOUN,-54.35191725194763,-6.2999045455048295,0,,-,-,,,,42,"krieger (35), kriegern (4), kriegers (3)",-,-,"[goethe-egmont] …n es euch bald anders weisen. Pfui! Was Karl der Kühne, Friedrich der [Krieger], Karl der Fünfte nicht konnten, das tut nun Philipp durch ein Weib.…",[collin-coriolan] …Der [Krieger] wünschet Ruhe! Nur einen Tag! Er ist ermattet.…,"[schiller-wallenstein] …t nur zur Erinnerung, Herr Kriegsrat, Daß Sie im Lager sind und unter [Kriegern]. – Die Kühnheit macht, die Freiheit den Soldaten. – Vermöcht er keck …"
teuer,Klassizismus,ADJ,-54.1570528536792,-1.7647303644819279,57,"teurer (14), teuer (14), teure (12), teures (7), teuerste (5), teuren (3)","leben (4), weib (3)","weib (3), leben (4)","[goethe-faust-in-urspruen] …Grau, [teurer] Freund, ist alle Theorie Und grün des Lebens goldner Baum.…","[goethe-goetz-von-berlich] …Teuer! [Teuer]! Du bist verwundt, Selbitz?…","[schiller-die-verschwoeru] …Ruhig! Ruhig! mein bester, mein [teurer] Vater.…",158,"teurer (41), teure (35), teuer (28), teuren (23), teures (21), teuern (9)","mann (9), kind (7), freund (7), haupt (6), vater (6), sohn (5), wert (5), pfand (5)","fräulein (5), pfand (5), mann (9), kind (7), kleinod (3), haupt (6), wert (5), freund (7)","[goethe-torquato-tasso] …er ganzen Fülle herrlich an, So trübte bald den jugendlichen Sinn Der [teuren] Eltern unverdiente Not. Eröffnete die Lippe sich zu singen, So floß e…","[schlegel-jon] …So ist es, [teurer] Vater, wie ich sagte; Du weißt den Hergang nun der ganzen Sache.…","[goethe-pandora] …[Teurer] Vater, ja! Die Stirne dir zu kühlen, weh ich her!…"
rettung,Klassizismus,NOUN,-53.87180735864952,-2.7126169918374297,11,rettung (11),-,-,"[klinger-die-zwillinge] … fiel es auf uns, ausgeleert mit Haß. Wir beide sind vernichtet, ohne [Rettung] und Trost. In diesem Augen blick überfällt mich Menschenhaß, daß mein…","[maler-mueller-golo-und-g] …von Neuem vorzuwimmern; es ist vorbei das. Oh! – Das Letzte zu deiner [Rettung] kündige ich dir an. Du bist verloren, hin, dein Todesurteil ist gespr…",[schiller-kabale-und-lieb] …verlorener Vater! Ist keine Rettung mehr? Mein junges Leben und keine [Rettung]! und muß ich jetzt schon dahin?…,77,rettung (77),"denken (3), verlieren (3), sterben (3)","sterben (3), verlieren (3), denken (3)","[collin-balboa] …[Rettung]? sprecht! An eures Rufes freudigem Getön, An eurer schönen Eile kannt…","[schlegel-alarcos] …Warum nicht? oder soll ich meine Ehre, Der Tochter [Rettung] etwa lieber opfern? Schon mancher hat für seines Königs Ehre Schuldlo…","[goethe-die-natuerliche-t] …Erneue nicht, was du entfernen solltest, Laß diesen Sturz, laß diese [Rettung] dir Als wertes Pfand erscheinen meines Glücks. Lebendig siehst du sie…"
gesetz,Klassizismus,NOUN,-53.58186288562218,-1.8956639553502501,31,"gesetze (19), gesetz (11), gesetzen (1)",-,-,"[maler-mueller-golo-und-g] …rhör, wir richten, wie Menschen richten; Herr, hilf der Wahrheit, das [Gesetz] verurteilt die Gräfin, keine Blutschuld komme über uns!…","[schiller-die-verschwoeru] …Gelt, Fiesco? Wir zwei wollen Genua zusammenschmeißen, daß man die [Gesetze] mit dem Besen aufkehren kann – Das hab ich Euch nie gesagt, daß ich u…","[schiller-die-raeuber] …etz hat zum Schneckengang verdorben, was Adlerflug geworden wäre. Das [Gesetz] hat noch keinen großen Mann gebildet, aber die Freiheit brütet Koloss…",120,"gesetz (84), gesetze (19), gesetzes (12), gesetzen (5)","heilig (5), fremd (3), lassen (3)","heilig (5), fremd (3), lassen (3)","[schiller-die-braut-von-m] … wallen Entnervte Greise, Da gehorcht die Natur Ruhig nur Ihrem alten [Gesetze], Ihrem ewigen Brauch, Da ist nichts, was den Menschen entsetze! Aber …","[schiller-wilhelm-tell] …Wir wollen es, das sei [Gesetz]!…","[schlegel-alarcos] …ie der Liebe Flammensturm bewegt; Drum ist die hohe Ehre dir ein kalt [Gesetz]; Und große Tat dir, so wie groß Verbrechen, fremd. Ruhm, Liebe, Glori…"
unglückselig,Klassizismus,ADJ,-52.35777731183707,-3.6103085035930804,13,"unglückselige (4), unglückseliger (3), unglückseligen (2), unglückseligste (2), unglückselig (1), unglückseliges (1)",-,-,"[schiller-die-verschwoeru] …– O über die schlaue Sünde, die einen Engel vor jeden Teufel stellt – [Unglückselige] Schwungsucht! Uralte Buhlerei! Engel küßten an deinem Halse den Himme…","[schiller-kabale-und-lieb] …Mich, [Unglückselige]!…","[lenz-die-freunde-machen-] …blichen Körpern – Ich fühle jetzt, Fräulein! das ganze Gewicht meiner [unglückseligen] Bestimmung. Leidenschaft genug in der Brust, das Höchste zu wünschen,…",72,"unglückselige (12), unglückselgen (12), unglückselger (12), unglückselig (10), unglückselge (8), unglückseligen (5)","traurig (3), vater (3)","traurig (3), vater (3)",[schiller-wilhelm-tell] …Ich bin der [unglückseligste] der Menschen.…,"[schiller-maria-stuart] …Höre Die Wütende nicht an! Hinweg, hinweg Von diesem [unglückselgen] Ort!…","[schiller-wallenstein] …ne Liebe will ich fragen, Die nur den Glücklichen beglücken kann, Vom [unglückselig] Schuldigen sich wendet. Kannst du mich dann noch lieben, wenn ich ble…"
rasch,Klassizismus,ADJ,-52.07930264431504,-2.194959575270202,20,"rasch (8), rasche (5), raschen (4), rasches (2), rascher (1)",-,-,"[leisewitz-julius-von-tar] …chaus Weiber, ihr sanfter Ton stimmt so gut in seinen gedämpften, und [rasche] Jünglinge und Männer sind doch in seiner Einsamkeit nie recht zu Haus…","[klinger-die-zwillinge] …Tausend väterlichen Segen für den zu [raschen] Fluch, mein Sohn! Sei deines Hauses Zierde!…","[schiller-die-verschwoeru] …Was sagen Sie? Ich hoffe, dieser Schluß ist zu [rasch].…",97,"rasch (47), rasche (17), raschen (14), rascher (12), rasches (4), raschem (3)","jugend (7), wort (6), mutig (3), leben (3), zorn (3)","jugend (7), mutig (3), wort (6), zorn (3), leben (3)","[goethe-torquato-tasso] …ng – nahm er wohl Die Dichtung aus sich selbst? Die kluge Leitung Des [raschen] Krieges – hat er die ersonnen? Die Kunst der Waffen, die ein jeder He…","[goethe-egmont] … der gewohnten Erde, du gelassen lebtest? – Auch ist er es nicht, der [rasche] Feind, dem die gesunde Brust wetteifernd sich entgegen sehnt; der Ker…","[schiller-don-carlos-infa] …, Dir Freiheit anzukündigen. Empfange Dein Schwert zurück. Man hat zu [rasch] verfahren. Mein Sohn ist nicht an seinem Platz. Steh auf, Komm in die…"
neu,Klassizismus,ADJ,-51.381567658013026,-1.594770078538461,70,"neues (26), neu (19), neuem (15), neuer (6), neusten (2), neueren (1)","leben (6), gewiß (3)","leben (6), gewiß (3)","[goethe-goetz-von-berlich] …einen Tag. Wider den Menschen zu arbeiten, dessen Andenken so lebhaft [neu] in Liebe bei mir ist.…","[maler-mueller-golo-und-g] …! Muß dicht hinter jenen drein, damit sie nicht umbeugen und euch von [Neuem] einhohlen. Entfernt euch in die Tiefe des Waldes, so lange bis wir si…","[klinger-sturm-und-drang] …Wie, [neues] Leben! wie, neue Kraft!…",157,"neu (76), neues (39), neuer (27), neuem (13), neuesten (2)","leben (9), glück (6), welch (5), herz (4), treiben (4), regen (3), beleben (3), schön (3)","welch (5), leben (9), beleben (3), glück (6), blühen (3), regen (3), schatten (3), treiben (4)","[schlegel-alarcos] …dem Saal? Wes frevler Mut hat einzudringen hier gewagt? Sieh her! ein [neues] Schreckenbild. Cornelia naht, Gleich einer Königin im Zorn an Blick u…","[goethe-iphigenie-auf-tau] …n Eltern her verehren lernte, Entgegen bringet und das innre Herz Mit [neuer], schöner Hoffnung schmeichelnd labet!…","[schiller-maria-stuart] …Faß dich! Sag an, was [neu] geschehen ist?…"
sieg,Klassizismus,NOUN,-50.98335614206592,-2.1411201016677177,22,"sieg (15), siege (6), siegs (1)","gott (4), verleihe (3)","verleihe (3), gott (4)",[klinger-sturm-und-drang] …[Sieg]!…,[klinger-die-neue-arria] …igungen ist deine die bitterste. Ha dieser Kampf! und sieh ich siege! [siege] über dich und sie alle. Wegen deiner kam ich in all diese Verhältniss…,"[maler-mueller-golo-und-g] …Gott verleihe Sieg dem Recht! Gott verleihe [Sieg] dem Recht! Hinzu! Laßt sehn, wer Recht hat, wer siegt oder fällt!…",100,"sieg (67), siege (15), siegs (10), sieges (8)","schön (7), bringen (4), kranz (3), tod (3), krönen (3)","schön (7), krönen (3), kranz (3), bringen (4), tod (3)","[schiller-die-jungfrau-vo] …Das ist Graf Dunois! Frisch, wackrer Streiter! Der [Sieg] ist mit dir!…","[schiller-maria-stuart] …er Stuart gegenüber dich zu sehn! Dann solltest du erst deines ganzen [Siegs] Genießen! Die Beschämung gönnt ich ihr, Daß sie mit eignen Augen – de…","[collin-coriolan] …klug – und fühlet menschlich – – Nein! nicht Gewalt – die Überzeugung [siege]! Veturia! es gilt dein weiser Rat! Ha so befrei ich Rom, so steht mei…"
ziemen,Klassizismus,VERB,-50.95194330579988,-3.370987643566312,5,"ziemt (3), ziemen (2)",-,-,"[klinger-simsone-grisaldo] …ein, nachdem mir es gefällt. Wie, Curio? Ist das eine Frage, die dich [ziemt], Bastiano? O wenn Bastiano noch solchen Triebfedern Raum gibt, so bes…","[goethe-faust-in-urspruen] …t trefflichen pragmatischen Maximen, Wie sie den Puppen wohl im Munde [ziemen].…","[klinger-simsone-grisaldo] …Was, König? Was? [Ziemt] dies Zittern einem König? Hat die Majestät die mit eines Königs Seele…",61,"ziemt (58), ziemte (2), ziemen (1)",-,-,"[goethe-egmont] …Es [ziemt] Euch, nicht zu sorgen, aber wer Euch kennt und liebt –…","[schiller-wilhelm-tell] … der nie uns Gutes tat, Und die verfolgen, die uns nie betrübten, Das [ziemt] uns nicht und will uns nicht gebühren, Die Liebe will ein freies Opfe…","[schiller-maria-stuart] …en Inhalts Befrein, der sich in jedem Sinne besser Für einen Burleigh [ziemen] mag als mich. Wer seiner Königin so nahesteht, Der sollte nichts Ungl…"
zart,Klassizismus,ADJ,-50.89111149814016,-2.104826066834179,24,"zarten (7), zartes (6), zart (4), zarte (3), zarter (3), zartem (1)",mensch (3),mensch (3),"[klinger-simsone-grisaldo] …Ja meine Dons, und warum nicht meine Dons, [zarter] Mensch! – Die Krone von Kastilien hat lang genug geschlafen, ich bin …","[schiller-die-raeuber] …n Keime zur vollen Reife erwachsen, – was läßt sich auch von einem so [zarten] Alter Vollkommenes erwarten? – Vielleicht, Vater, erlebet Ihr noch di…","[wagner-die-kindermoerder] …ge, niederträchtige Betragen solcher feilen Buhldirnen müßte auf sein [zartes] noch unverdorbenes Herz ganz gewiß einen unauslöschlichen Eindruck ma…",101,"zarten (34), zarte (34), zart (14), zartes (8), zarter (7), zartem (4)","herz (8), liebe (5), sinn (5), leib (5), faden (4), jugend (4), jungfrau (4), schonung (3)","faden (4), leib (5), jungfrau (4), sinn (5), schonung (3), herz (8), jugend (4), fein (3)","[goethe-torquato-tasso] …he wieder her, du kannst es leicht. Lenore Sanvitale mag ihn erst Mit [zarter] Lippe zu besänftgen suchen: Dann tritt zu ihm, gib ihm in meinem Name…","[schiller-die-jungfrau-vo] … Im sichern Vaterhause, wo die Mutter mir In Gram zurückblieb und die [zarte] süße Braut. Weh mir! Was seh ich! Dort erscheint die Schreckliche! Au…","[schiller-maria-stuart] … Angesicht gesehn, Des vielgeliebten, des erhabnen Mannes, Der meiner [zarten] Jugend Führer war. O redet mir von ihm. Denkt er noch mein? Liebt ihn…"
gemüt,Klassizismus,NOUN,-50.13667987237035,-2.573586195538132,12,"gemüt (11), gemüter (1)",-,-,"[wagner-die-reue-nach-der] …Das macht, weil er im [Gemüt] nicht ruhig ist; wenns erst da geholfen wäre, so sollt sich das andre…","[schiller-kabale-und-lieb] …n. Wie hab ichs gemacht? Hat mans nur erst so weit im reinen, daß die [Gemüter] topp machen, wutsch! nehmen die Körper ein Exempel; das Gesind machts…",[lenz-der-hofmeister] …ttes willen ihr nicht scharf begegnet; das Mädchen hat ein ganz ander [Gemüt] als der Junge. Weiß Gott! es ist als ob sie nicht Bruder und Schweste…,76,"gemüt (59), gemüter (12), gemüts (4), gemütes (1)","frei (4), redlich (3)","redlich (3), frei (4)","[goethe-torquato-tasso] …er kam an ihrer Hand, Und daß ich dir es gestehe, da ergriff Ihn mein [Gemüt] und wird ihn ewig halten.…","[goethe-pandora] …Entfremdet war dir mein [Gemüt], o Trefflicher!…","[schiller-wallenstein] … die geheime Geburt der Dinge in dem Erdenschoß Und in den Tiefen des [Gemüts] beherrscht, Und über allem, was das Licht scheut, waltet. Nicht Zeit …"
bund,Klassizismus,NOUN,-50.108260809910625,-2.389562524707382,15,"bund (14), bunde (1)",herz (3),herz (3),"[goethe-goetz-von-berlich] …Bauern ziehen unten herum. Überall sind Boten ausgeschickt, der ganze [Bund] wird in kurzem beisammensein. Fehlen kann es nicht; man sagt, es sei …","[schiller-kabale-und-lieb] …ns! Woher bringst du diese Ahndung, Luise? Trennt uns? – Wer kann den [Bund] zwoer Herzen lösen, oder die Töne eines Akkords auseinanderreißen? – …","[leisewitz-julius-von-tar] …ngs reißen kann! – ruhig sollst du sie nicht besitzen, ich will einen [Bund] mit dem Geiste unsers Vaters machen, der an deinem Bette winseln wird…",84,"bund (62), bundes (10), bunde (9), bunds (3)","schließen (5), fest (4), heilig (4), herz (3), brechen (3), eid (3), ewig (3)","schließen (5), eid (3), fest (4), heilig (4), brechen (3), ewig (3), herz (3)","[schiller-wallenstein] …Leben lang Am Spieltisch hat gedient. Mit meinem Glücke Schloß er den [Bund] und bricht ihn, nicht mit mir. War ich ihm was, er mir? Das Schiff nu…","[schiller-don-carlos-infa] …cht Brüder? – Dieses Possenspiel des Ranges Sei künftighin aus unserm [Bund] verwiesen! Berede dich, wir beide hätten uns Auf einem Ball mit Maske…","[schiller-wilhelm-tell] …Landleute! Eidgenossen! Nehmt mich auf In euern [Bund], die erste Glückliche, Die Schutz gefunden in der Freiheit Land. In e…"
einst,Klassizismus,ADV,-50.01835177415748,-2.126246825186188,21,einst (21),-,-,"[schiller-kabale-und-lieb] … vergebe Ihnen Gott der Allmächtige, der Sie und mich und den Fürsten [einst] gegeneinanderstellt. – Aber Sie haben die Engländerin in mir aufgefod…","[klinger-die-zwillinge] …vom Fleisch, schmachte, seh bleich – und dieser morsche Körper blühte [einst] in lieblicher Jugend, ward bestaunt, geliebt. Trat ich auf, Guelfo, z…","[leisewitz-julius-von-tar] …sem Sarge, ehemals der große Theoderich, liebte den Schädel in jenem, [einst] die schöne Agnese! – Können sie doch itzt ruhig schlafen, ohne daß ei…",96,einst (96),"freund (4), stehen (4), gott (3), denken (3), sohn (3), volsker (3), wert (3), eh (3)","volsker (3), eh (3), wert (3), freund (4), stehen (4), denken (3), sohn (3), gott (3)","[collin-balboa] …Wohlan! Ich trage keine Schuld, wenn [einst] Sein Blut euch rächend auf die Seele fällt! Und auch, wenn diese stir…","[schiller-die-jungfrau-vo] …ine Ehre. Ich aber, gegen mein Volk und das deine Behaupt ich dich. – [Einst] ließest du mich glauben, Daß dir mein Leben teuer sei! Und damals Sta…","[schiller-don-carlos-infa] …Gebt Euch zufrieden. Auch an Euch wird [einst] Die Reihe sein, wenn diese Stämme brechen. Was bringt Ihr mir?…"
arbeiten,SD,VERB,46.55669509442622,3.771749346430222,49,"arbeitet (17), arbeiten (16), gearbeitet (7), arbeiteten (3), arbeite (3), arbeitete (3)","wachen (4), mensch (3), taglohn (3)","wachen (4), taglohn (3), mensch (3)","[klinger-das-leidende-wei] …. Hätt ich eine Hacke genommen, dem ersten besten Bauern fürs Taglohn [gearbeitet]! Was hab ich nun? daß ich meine Kräfte Undankbaren verschwendet, die …","[goethe-goetz-von-berlich] … ich denke nicht, daß ich mit seinem Freunde rede, der nun wider mich [arbeitet] und die Minen leicht entkräften kann, die er selbst gegraben hat.…","[wagner-die-reue-nach-der] …ahinwerfen, meine Narrheit und Eitelkeit bekennen, und an eurem Glück [arbeiten], sollt ich selbst unglücklich drüber werden. Ihnen, Herr Werner, hab …",3,"gearbeitet (1), arbeitete (1), arbeitet (1)",-,-,"[goethe-pandora] …hsam finsterstündig Strebenden, Für euch ein Ruhmahl! Denn wer nachts [arbeitete], Genieße, wenn die andern früh zur Mühe gehn. Du aber, einzger Mitgeb…","[goethe-egmont] …Ich erinnere mich, Ihr habt mit an den Livreen für meine Leute [gearbeitet]. Euer Name ist Jetter.…","[schiller-wilhelm-tell] …r weg – Ich sehs nicht mehr. Doch halt, da ist es wieder! Kräftiglich [Arbeitet] sich der Wackre durch die Brandung.…"
beten,SD,VERB,46.29366967682401,1.5710698064734012,149,"bitt (91), beten (31), betet (14), bet (7), gebetet (3), betete (3)","lassen (9), herr (6), gott (5), kind (5), sehen (4), frau (3), name (3), gehen (3)","verzeihung (3), lassen (9), kind (5), name (3), gehen (3), herr (6), gott (5), lieben (3)","[klinger-simsone-grisaldo] … anziehender machen, du gefällst mir, Bastiano, so ziemlich kalt, ich [bitt] dich, bleib dir getreu, oder ich jag dich aus dem morschen Bau mit Do…","[lenz-die-soldaten] …Zu Ihren Diensten mein Herr – aber ich [bitt] gehorsamst um Verzeihung, ich weiß noch von keiner Braut, ich habe ke…","[wagner-die-kindermoerder] …enn ihr mir nicht Ruh laßt. Probiert es nur, wie ich gesagt habe, ich [bitt] euch darum: es wird noch alles gut werden. – Hier an Ihrem Hals hänge…",50,"bitt (34), beten (7), betet (4), betete (2), bet (2), gebetet (1)",-,-,"[goethe-egmont] …Ich [bitt] Euch, Herr; seid nicht so harsch und rauh gegen den guten Mann! Ihr s…","[schiller-maria-stuart] …n, Schwester! Gekrönt vom Sieg ist Euer glücklich Haupt, Die Gottheit [bet] ich an, die Euch erhöhte! Doch seid auch Ihr nun edelmütig, Schwester…","[collin-balboa] … Mutter selgen Geist, Verbarg sich zitternd in des Lagers Decken, Und [betete]. – Da eilt ich leis hinweg, Und hatte nicht den Mut, ihn zu erwecken;…"
bitten,SD,VERB,45.28323340366644,1.3733691911049866,228,"bitte (131), bitten (53), gebeten (17), bat (14), bittet (13)","lassen (12), herr (10), vergebung (7), vater (6), gnädig (5), drum (4), gehen (4), schreiben (3)","vergebung (7), schone (3), dein (3), lassen (12), drum (4), fern (3), verzeihung (3), gnädig (5)",[schiller-die-raeuber] … drückte: – Nur noch einen Tag! – Umsonst! – Ins Loch mit dem Hund! – [Bitten]! Schwüre! Tränen! Hölle und Teufel!…,"[maler-mueller-golo-und-g] …an eure Beschützerin, die verständige Gräfin Mathildis, bestellt? Ich [bitte] euch, wendet alle Mühe an, daß sie diesen Frühling zu uns herüber kom…","[lenz-die-freunde-machen-] …Darum hab ich dich [bitten] wollen. Du weißt wohl, ich kann mich mit solchen Sachen nicht abgeben…",120,"bitte (60), bitten (32), bat (13), bittet (10), gebeten (5)","leben (4), nehmen (4), eur (4), vater (3), lassen (3)","eur (4), nehmen (4), leben (4), vater (3), lassen (3)","[schiller-don-carlos-infa] …enn Eure Majestät Mich fähig halten, dieses Amt zu führen, So muß ich [bitten], es uneingeschränkt Und ganz in meine Hand zu übergeben.…","[schiller-maria-stuart] …Ich [bitte] noch um eine zweite Gunst, Unmenschlichkeit allein kann mir sie weige…","[wolzogen-der-leukadische] …Erhörung walle deinen [Bitten] mild entgegen, liebes Kind – es tragen noch die fernen Woogen deinen …"
tanzen,SD,VERB,43.83939690211631,6.017225380879712,32,"tanzen (16), tanzte (6), tanzt (5), tanzten (3), getanzt (2)",-,-,"[klinger-simsone-grisaldo] …iti! Zokniti! begegne mir die Nacht an der Waldspitze, und wir wollen [tanzen] um die Eiche; nehme meine Hand, und ich will dir versprechen Rache! w…","[klinger-die-neue-arria] … ist Sang der Liebe. Ach! wenn der Fluß hinfließt, die Sonnenstrahlen [tanzen] in den Fluten, am Ufer die Welle plätschert und der Ried lispert – wi…","[maler-mueller-golo-und-g] …hichte, etwa so aus dem alten Testament, wie David vor der Bundeslade [tanzte], oder Jephta ....…",0,,-,-,,,
essen,SD,VERB,41.364615691390746,3.377815096136179,50,"essen (49), esse (1)","trinken (9), wissen (3)","trinken (9), wissen (3)",[maler-mueller-golo-und-g] …Kommt! Kommt! Alle zum [Essen] in mein Haus! – Herein alle zur Hochzeit!…,"[wagner-die-reue-nach-der] …Herr Gott nur so glücklich machte, daß ich ein einigmal wieder in Ruh [essen] könnte! Aber sehn Sie nur, Herr Werner! dahin kann ichs nicht bringen…",[goethe-goetz-von-berlich] …or Müdigkeit und Hunger kaum etwas vorbringen. Meine Frau gibt ihm zu [essen]. So viel hab ich verstanden: der Bischof will den Knaben nicht heraus…,4,essen (4),-,-,"[goethe-egmont] …tte und könnte sie nun nicht verdauen. Laßt ihn nur erst; er muß auch [essen], trinken, schlafen wie andere Menschen. Es ist mir nicht bange, wenn …","[seume-miltiades] …fang nicht. Miltiades, Das Prytaneum ekelt nun mich an; Ich mag nicht [essen], wo man Dich verdammt.…","[schiller-wilhelm-tell] …h die leichtfertge Rede Des Unverschämten: »Wenn der Bauer Brot Wollt [essen], mög er selbst am Pfluge ziehn!« In die Seele schnitt mirs, als der B…"
umbringen,SD,VERB,41.011048714883,5.922588506741636,30,"umbringen (15), umgebracht (13), umzubringen (1), umbringt (1)",-,-,"[klinger-die-zwillinge] …Wollt ihr mich [umbringen]? Wollt ihr mir allen Entschluß nehmen? Wenn ihr es so forttreibt, kan…","[maler-mueller-golo-und-g] … gar nichts mehr! – Ein neuer quälender Anblick! Da sind sie, die sie [umgebracht]. Weg!…","[lenz-die-freunde-machen-] … mitgenommen, für mein Hauswesen zu sorgen. Schämt Euch, daß Ihr Euch [umbringen] wollt um solch einer Kleinigkeit. Wenn Ihr Mohrenblut unter Euren Ahn…",0,,-,-,,,
verzeihen,SD,VERB,40.23152695484542,1.5869401079019307,155,"verzeihen (58), verzeih (55), verzeiht (19), verzeihn (12), verziehen (6), verzeihe (5)","gott (25), herr (11), gnädig (5), frau (5), wissen (4), liebe (4), gnade (3), mir (3)","gott (25), mir (3), herr (11), gnädig (5), frau (5), gnade (3), liebe (4), wissen (4)","[schiller-die-raeuber] …e lieb ich dich um dieser unerschütterten Treue gegen meinen Bruder – [verzeih], daß ich es wagte, deine Liebe auf diese harte Probe zu setzen! – Wie…",[schiller-kabale-und-lieb] …Ihro Exzellenz [verzeihen]. Wenn auch wirklich – wie Sie argwohnen – die Eifersucht hier im Spie…,"[schiller-die-verschwoeru] … wird sie heilig sein, wenn mein Blut sie verachtet? – Diese Dummheit [verzeiht] dir der Oheim.…",82,"verzeih (28), verzeiht (19), verzeihn (14), verzeihen (13), verzeihe (5), verziehen (3)","gott (3), herr (3)","herr (3), gott (3)","[schiller-wallenstein] …Mein Sohn, ach! ich [verzeihe] deinem Schmerz.…","[goethe-egmont] …Gott [verzeih] es dem Adel, daß er uns diese neue Geißel über den Hals gelassen hat.…","[schiller-die-jungfrau-vo] …Gesteht, daß Euch die Hitze Des edeln Zorns zu weit geführt – Du aber [Verzeih] dem treuen Freund die heftge Rede! O kommt, kommt! Laßt mich eure Her…"
weinen,SD,VERB,39.49355584047545,1.3344876644720782,172,"weinen (82), weint (24), weine (23), geweint (17), weinte (16), weinet (7)","lassen (11), kind (8), träne (8), wein (7), herz (6), tot (5), lachen (5), vater (4)","träne (8), wein (7), kind (8), lachen (5), tot (5), lassen (11), hals (3), herz (6)","[leisewitz-julius-von-tar] …as Bildnis. Ich seh es an, mich deucht, das Gesicht verzieht sich zum [Weinen], und nach einem Augenblick sah ich helle Perlen über seine Wangen rol…","[wagner-die-reue-nach-der] …e sich ja prophezeit – liebste Schwester! verzeih mir, wenn ich nicht [weine] – ich kann nicht. – Adieu – mit diesem Kuß, adieu!…","[klinger-die-zwillinge] …ngers zu sterben! zu laufen in die Wildnis! Ich gab ihm meinen Segen, [weinte] ihm meine Tränen. Ha! ich will meine Augen ausreißen, weinen sie noch…",77,"weinen (29), weine (15), weint (11), geweint (11), weinte (10), weinet (1)","träne (5), lassen (5), mutter (4), herz (4), kind (3), schön (3), auge (3)","träne (5), mutter (4), lassen (5), kind (3), auge (3), schön (3), herz (4)","[goethe-pandora] …ich gehn, ihr Väter, mich verbergen, Zürnet nicht der Armen, laßt sie [weinen]! Ach! wie fühl ich es! Ach! das schmerzt unendlich, Wohlerworbne Lieb…","[schiller-wallenstein] …Ich bin nicht krank. Ich habe Kraft zu stehn. Was [weint] die Mutter? Hab ich sie erschreckt? Es ist vorüber, ich besinne mich …","[schiller-don-carlos-infa] …t Floß schändlich unter unbarmherzgen Streichen; Ich sah auf dich und [weinte] nicht – Du kamst; Laut weinend sankst du mir zu Füßen. Ja, Ja, riefst…"
machen,SD,VERB,37.239759319178205,1.5240672685941234,162,"mach (71), machst (51), mache (26), machten (14)","fort (5), gehen (4), dein (3), gott (3), junge (3), weib (3), narr (3), sache (3)","dein (3), fort (5), narr (3), gehen (4), junge (3), sache (3), weib (3), gott (3)","[goethe-goetz-von-berlich] …beißt und zerstampft die Karten, die ihn unschuldiger Weise verlieren [machten]. Aber laßt mich Euch was von Mannsleuten erzählen. Was seid denn ihr,…","[lenz-die-freunde-machen-] …u warnen – mich zu überzeugen, wie wenig sie sich aus Briefen der Art [mache] – Ha ich will nur lesen, eh sie kommen – mag darin enthalten sein, wa…",[klinger-die-zwillinge] …Mensch! Mensch! Du [machst] mich rasend mit deiner Zweideutigkeit. Merk dir das! Wo ich dich erwi…,59,"mach (19), machst (19), mache (16), machten (5)",bahn (3),bahn (3),"[schiller-wilhelm-tell] …währen müssen – Nimm die Armbrust – Du hast sie gleich zur Hand – und [mach] dich fertig, Einen Apfel von des Knaben Kopf zu schießen – Doch will …","[goethe-egmont] …nversehens zu, wenn die seine mich so leise, so liebevoll anfaßt. Ich [mache] mir Vorwürfe, daß ich ihn betrüge, daß ich in seinem Herzen eine verg…","[schlegel-alarcos] … froher Liebe naht ich dir, dein Weib, getrost; Du trittst zurück und [machst] mich vor den Dienern rot. Es rührt dich nicht mein Blick, das Kind di…"
stecken,SD,VERB,37.12444236847408,2.070533777213218,72,"steckt (28), stecken (22), gesteckt (8), steckte (6), stecke (4), steckst (3)","kopf (3), sack (3), herr (3)","sack (3), kopf (3), herr (3)",[klinger-sturm-und-drang] …alten Berklei nackend mit seiner kleinen Jenny und guten Weib heraus. [Stecken] es an – Feuer und Flammen – he Miß!…,"[schiller-die-raeuber] …Wahl? Was? nichts habt ihr zu wählen! Wollt ihr im Schuldturm [stecken], und zusammenschnurren, bis man zum Jüngsten Tag posaunt? Wollt ihr e…","[maler-mueller-golo-und-g] …Aus dem Herzen; dort, wett ich, [steckt] ihm der Pfeil. Wie es nun in seinen jungen Jahren zu gehn pflegt.…",17,"steckt (12), stecken (3), gesteckt (2)",-,-,"[schiller-maria-stuart] …nem scharfen Suchen, Noch Kostbarkeiten, noch geheime Schätze! Wo das [gesteckt] hat, liegt noch mehr!…","[schiller-don-carlos-infa] …[Steckt] eure Schwerter ein. Was wollt ihr? Glaubt Ihr, ich sei rasend? Nein, …","[schiller-wallenstein] …n, blutigrot, Hängt der Herrgott den Kriegsmantel runter. Den Kometen [steckt] er wie eine Rute Drohend am Himmelsfenster aus, Die ganze Welt ist ei…"
nehmen,SD,VERB,36.330937519049286,0.751783652225222,509,"nehmen (164), nimm (119), nimmer (58), genommen (47), nimmt (37), nehmt (31)","nimmer (31), abschied (14), leben (10), dein (8), frau (7), hand (7), lassen (7), herr (7)","nimmer (31), abschied (14), dein (8), maßregel (4), wiederkehrt (4), vorlieb (4), übel (7), deg (7)","[klinger-die-neue-arria] …. O lassen Sie mir das ohne Furcht, lassen Sie mir, was Sie mir nicht [nehmen] können!…","[schiller-die-raeuber] …»Da [nahmen] sie Josephs Rock, und schlachteten einen Ziegenbock, und tauchten den…",[goethe-goetz-von-berlich] …Ich [nehm] die.…,385,"nimm (85), nimmer (82), nehmen (72), nehmt (57), nimmt (36), nehme (19)","abschied (12), lassen (11), leben (11), hand (9), dein (7), wort (6), letzter (6), nimmer (6)","abschied (12), dein (7), hättn (6), nimmer (6), urlaub (3), verhaft (3), deg (4), anstand (3)","[schiller-die-braut-von-m] …ora riefen, Hinzuknien an heilger Stätte, Zu der Göttlichen zu flehn, [Nimmer] konnt ich widerstehn. Wenn ein Lauscher mich erspähte? Voll von Feind…","[goethe-die-natuerliche-t] … Inhalt deutet solch Gefäß? Verweilt! Zum Vorschmack eures Botenlohns [Nehmt] diese Kleinigkeit, das Beßre folgt. Und ohne Brief und ohne Schlüssel…","[schiller-wallenstein] …[Nehmt] ihn doch mit Euch fort! Ich bitt Euch, Buttler.…"
sitzen,SD,VERB,36.22607908272556,1.246017625029877,154,"sitzen (52), sitzt (48), saß (34), saßen (8), gesessen (6), sitze (6)","bleiben (11), lassen (10), herr (5), fest (4), arm (3), sehen (3)","bleiben (11), lassen (10), fest (4), arm (3), herr (5), sehen (3)","[klinger-das-leidende-wei] …lungen meines Bluts. Ich kann nicht begreifen, wie einer an dem Spiel [sitzen] kann. – – Sag mir was, zerstreu mich, jag mir die Bilder vor den Auge…","[goethe-goetz-von-berlich] …ils zu bedienen, den der Rechtschaffene über den Meineidigen hat! Sie [sitzen] im Unrecht, wir wollen ihnen keine Kissen unterlegen. Sie haben die B…","[goethe-faust-in-urspruen] …fen Soll jeder Schurke mich beschimpfen! Soll wie ein böser Schuldner [sitzen], Bei jedem Zufallswörtchen schwitzen! Und sollt ich sie zusammenschme…",66,"sitzen (27), sitzt (16), saß (12), saßen (9), gesessen (1), sitze (1)","rate (3), sehen (3), gericht (3)","rate (3), gericht (3), sehen (3)","[schiller-die-jungfrau-vo] … Der Weg an diesem Baum vorüberführte, Hab ein gespenstisch Weib hier [sitzen] sehn. Das streckte mir aus weitgefaltetem Gewande langsam eine dürre …",[schiller-don-carlos-infa] … will Die Großen meines Königreichs versammeln Und selber zu Gerichte [sitzen]. Tretet Heraus vor allen – habt Ihr Mut – und klaget Als eine Buhleri…,"[goethe-egmont] …ießen leben; diese Kerle aber sind wie Maschinen, in denen ein Teufel [sitzt].…"
ankommen,SD,VERB,35.09007819627868,3.461409225818072,37,"ankommen (16), angekommen (15), ankommt (6)",lassen (5),lassen (5),[schiller-die-raeuber] …Die Post ist [angekommen] – ein Brief von unserm Korrespondenten in Leipzig –…,"[lenz-die-soldaten] …natürlich, daß sich die jungen Fats zu rächen suchen, die nicht haben [ankommen] können.…","[maler-mueller-golo-und-g] …Graf Siegfried ist schon in Schönthal [ankommen], er wird in wengen Minuten hier sein, Mathilde ist voraus, ihm entgeg…",3,"ankommt (2), angekommen (1)",-,-,"[schiller-wallenstein] …Schämt euch, ihr Herrn! Bedenkt, worauf es [ankommt]. Die Frag ist jetzt, ob wir den General Behalten sollen oder ziehen l…","[schiller-wilhelm-tell] …en auf sein Roß, Daß es für Marter tot zu Boden sinkt, Und er zu Fuße [ankommt] bei dem König.…","[schiller-wallenstein] …Mir nicht. Ich sitze gemächlich hier; Aber ein Eilbot ist [angekommen], Meldet, Regenspurg sei genommen.…"
erzählen,SD,VERB,33.94124327590316,1.515456815684954,106,"erzählen (64), erzählt (28), erzählte (10), erzähle (3), erzählens (1)","lassen (3), lustig (3)","lustig (3), lassen (3)",[klinger-das-leidende-wei] …Laß dir den Spuk [erzählen]!…,"[maler-mueller-golo-und-g] …mmt, der Abend ist heute so freundlich, wir wollen unterwegs einander [erzählen].…",[goethe-faust-in-urspruen] …[Erzählt] mir doch!…,38,"erzählen (22), erzählt (10), erzähle (4), erzählte (2)",-,-,"[schiller-wallenstein] …Ja, ja, ich hörts immer so [erzählen], Der Friedländer hab hier allein zu befehlen.…","[schiller-wilhelm-tell] …Hört, was die alten Hirten sich [erzählen]. – Es war ein großes Volk, hinten im Lande Nach Mitternacht, das litt…","[schiller-don-carlos-infa] …gestohlen Und mit verdächtger Wißbegier den Tod Des Marquis Posa sich [erzählen] lassen, Fällt meinen Wachen auf. Man hält ihn an. Man untersucht. Die…"
fressen,SD,VERB,33.1904015527032,2.672213672879308,60,"fressen (32), frißt (21), gefressen (7)","herz (5), tod (5), tier (3)","tod (5), tier (3), herz (5)","[maler-mueller-golo-und-g] …Auf den Wink, wie ihr es befohlen, die Pferde [fressen] gesattelt.…",[wagner-die-reue-nach-der] …ein Innschlittkuchen – Ich werd auch noch zum Narren! – Das arme Ding [frißt] seinen Gram so ganz in sich hinein –…,"[schiller-die-raeuber] …n gewisses praktisches Judizium, das man freilich nicht in der Gerste [frißt] – denn siehst du, ich pfleg immer zu sagen: einen honetten Mann kann …",10,"fressen (5), frißt (3), gefressen (2)",-,-,"[schiller-wilhelm-tell] …e auch, daß sie den Reihen führt, Und nähm ich ihrs, sie hörte auf zu [fressen].…","[schiller-die-braut-von-m] …n, Möcht ich nimmer meine Hütte bauen. Denn zu tief schon hat der Haß [gefressen] Und zu schwere Taten sind geschehn, Die sich nie vergeben und vergess…",[schlegel-alarcos] …Es [frißt] am innern Leben oft ein bittrer Wurm; Dann wird der kalte Schmerz der…
ansehen,SD,VERB,31.439507714989922,1.907307688801676,82,"ansehen (28), ansehn (26), angesehen (9), ansieht (9), anzusehen (5), ansehe (2)",-,-,[lenz-der-hofmeister] …Ich hab das Konzert noch nicht [angesehen].…,"[goethe-goetz-von-berlich] … Feuer und Schwert, der hochmütige jähzornige Mann! Ich haß ihn. Sein [Ansehn] nimmt zu wie ein Strom, der nur einmal ein paar Bäche gefressen hat, …","[goethe-clavigo] …Herzen Ihrer vortrefflichen Schwester ab, ob sie einen Elenden wieder [ansehn] mag, der nicht verdient, das Tageslicht zu sehen. Allein Ihre Pflicht…",28,"ansehn (22), ansieht (2), angesehen (2), ansehen (2)",-,-,"[schiller-wallenstein] …Gebrauch dein [Ansehn], Terzky. Heiß sie gehn.…","[schiller-wilhelm-tell] …Der wackern Männer kenn ich viele dort Und [angesehen] große Herrenleute, Die mir geheim sind und gar wohl vertraut. Frau, w…","[goethe-egmont] …gmont so hold? Warum trügen wir ihn alle auf den Händen? Weil man ihm [ansieht], daß er uns wohlwill; weil ihm die Fröhlichkeit, das freie Leben, die…"
sag,SD,VERB,31.263456060712073,1.4074545865760528,241,sag (241),"gehen (10), wissen (5), herr (4), vater (3), red (3), schreiben (3), lassen (3), stehen (3)","gehen (10), red (3), komm (3), schreiben (3), augenblick (3), fort (3), frau (3), stehen (3)","[lenz-der-hofmeister] …Ja, nun hab ich es – Die Essäer, [sag] ich, haben auch nie Weiber genommen; es war eins von ihren Grundgeset…","[goethe-faust-in-urspruen] …nn Nit alles, alles denken kann! Beschämt nur steh ich vor ihm da Und [sag] zu allen Sachen ja. Bin doch ein arm unwissend Kind, Begreif nicht, w…","[klinger-simsone-grisaldo] … gegeben. Wie nun? Versiegen nicht meine Tränen wenn du sprichst? Und [sag] ich nicht ja, wenn du winkst?…",111,"sag (110), säge (1)",gehen (3),gehen (3),"[goethe-egmont] …e Botschaft deinem Vater bringen, daß ich unmännlich verzweifle? Geh! [Sag] ihm! Sag ihm, daß er weder mich noch die Welt belügt. Ihm, dem Ruhmsü…","[goethe-torquato-tasso] …arrt in Rom auf dich, Und du verfehlest hier und dort den Zweck. Doch [sag] ich dies nicht mehr, um dir zu raten, Ich sage nur voraus was bald ge…","[schiller-wallenstein] …l sich ihm verschließen. Will er uns dann belagern, er versuchs. Doch [sag] ich dies: Verderben wird er eher Mit seinem ganzen Volk vor diesen Wä…"
gehen,SD,VERB,30.869280853700502,0.9161622375822033,583,"geh (252), gehn (191), gehe (38), gegangen (35), gehst (34), gingen (20)","lassen (23), gott (15), weg (14), sag (11), haus (9), herr (7), hölle (6), stehen (6)","sag (11), dein (6), weg (14), eilends (3), lassen (23), bleib (5), zugrunde (4), bette (4)","[goethe-clavigo] …Nein, Carlos: es [gehe], wie es wolle, das kann, das wird ich nicht leiden! Beaumarchais ist …","[maler-mueller-golo-und-g] …Vertrau! Wie kannst du nur Angst haben? Es muß Alles gut [gehn], Gott schützt reine Herzen.…","[lenz-der-hofmeister] …[Gehn] Sie doch! Ja Sie werden es machen, wie im Gellert steht: Er besah die…",299,"geh (117), gehn (96), gehe (39), gehst (18), gegangen (13), gingen (8)","lassen (17), weg (6), rufen (6), eh (5), land (5), haus (5), kind (5), sogleich (4)","lassen (17), zugrunde (3), dein (4), eh (5), rufen (6), sogleich (4), hinaus (3), pfad (3)","[schiller-wallenstein] …O mir wird heut so schwer von dir zu [gehn], Und bange Furcht bewegt mich.…","[goethe-torquato-tasso] …r ist verziehn! Allein ich hör es nicht, ich hör es nie – Ich will ja [gehn]! Laßt mich nur Abschied nehmen, Nur Abschied nehmen! Gebt, o gebt mir…","[schiller-die-jungfrau-vo] …ß ich diesen Tag des Jammers schauen! Der König muß in die Verbannung [gehn], Der Sohn auswandern aus des Vaters Hause Und seine Wiege mit dem Rüc…"
springen,SD,VERB,30.084586907249147,2.1642735923819965,59,"springen (26), springt (12), sprang (9), spring (7), springe (3), sprangen (2)",mädchen (3),mädchen (3),"[goethe-goetz-von-berlich] …Auf Euer Rufen [sprang] er auf und schrie mir, daß Ihr rieft. Ich wollt den Harnisch ausschna…","[schiller-die-verschwoeru] …, weil ich um seine Schliche weiß, werd ich seine Ehre über mein Maul [springen] lassen, wenn er Herzog ist. Sachte, Herr Graf. Das letzte wäre noch z…","[schiller-kabale-und-lieb] …ldnissen – läßt die Quellen seines Landes in stolzen Bögen gen Himmel [springen], oder das Mark seiner Untertanen in einem Feuerwerk hinpuffen – – Abe…",15,"sprang (7), springt (5), springen (2), sprangen (1)",-,-,"[schiller-maria-stuart] …Auch ich wars, Königin! und mein Gefängnis [Sprang] auf und frei auf einmal fühlte sich Der Geist, des Lebens schönen Tag…","[schiller-die-jungfrau-vo] …n Abschied nimmt? Die Rüstung zeigt mir keinen schlechten Mann, Geht, [springt] ihm bei, wenn ihm noch Hülfe frommt.…","[schiller-don-carlos-infa] …Bin ich derselbe denn nicht mehr, dem hier Sonst alle Türen [sprangen]? Wie ist alles Verwandelt um mich her – wie fremd –…"
ärgern,SD,VERB,29.573153578215027,4.182903411221838,26,"ärgert (10), geärgert (7), ärgern (6), ärgerte (3)",-,-,"[wagner-die-reue-nach-der] … Werner! dahin kann ichs nicht bringen; der ungezogne gottlose Bub da [ärgert] einen den lieben ganzen Tag, hauptsächlich aber beim Essen, da sezt e…","[klinger-das-leidende-wei] …Laß es so! mich [ärgert] es, wenn ich davon reden hör. Der Künstler hat Sinnen, wovon sie nun …","[lenz-pandaemonium-german] …Es macht mich zu lachen und zu [ärgern], beides zusammen.…",1,ärgert (1),-,-,"[collin-coriolan] …Sieh, Mutter, sieh! Das [ärgert] mich! Was ich auch immer rede, Sogleich begegnet mir dein Widerspruch…",,
kommen,SD,VERB,29.261379229999264,0.8179869945489167,425,"komm (244), komme (83), gekommen (55), käme (25), kamen (15), kämen (3)","komm (18), lassen (15), vater (9), herr (9), arm (6), rufen (6), tod (6), fort (6)","komm (18), bißchen (3), hure (4), retten (5), rufen (6), herein (4), soeben (3), geschwind (4)","[goethe-goetz-von-berlich] …[Komm], Bursch!…","[lenz-der-hofmeister] …aber sag mir. – O wer weiß, ob ich dich sobald wiederspreche! – Wart, [komm] in den Garten.…","[schiller-die-raeuber] …wärts wie ein Mann – Er versammle sich zu dem Geist seines Vaters und [komme], der Toten spott ich. – Daniel, he, Daniel! – Was gilts, den haben si…",246,"komm (131), komme (46), gekommen (44), kamen (16), käme (6), kämen (3)","komm (20), lassen (12), tochter (6), sohn (6), kind (5), herab (5), herz (4), edel (4)","komm (20), herab (5), lassen (12), tochter (6), herüber (3), woher (3), hieh (3), folge (3)","[schiller-wallenstein] …[Komm] Er, komm Er!…","[schiller-die-braut-von-m] …t, genährt an meiner Brust, Der mir den bessern Sohn zu Tode stach. – [Komm], meine Tochter! Hier ist unsers Bleibens Nicht mehr – den Rachegeiste…",[wolzogen-der-leukadische] …Ja wirklich [komm] ich deinen Seegen mir für eine lange Reise zu erbitten. Der lezte Wun…
schmecken,SD,VERB,28.897184760856597,3.6006604118542738,32,"schmeckt (18), schmecken (11), geschmeckt (3)",-,-,"[lenz-der-hofmeister] …[Schmeckt] es? Nicht wahr, es ist ein Abstand von meinem Tisch und des Majors? A…",[maler-mueller-golo-und-g] …[Schmeckt] er?…,"[schiller-die-raeuber] …Kies. Genug diesmal für den Tanz, dacht ich, dem Hauptmann wirds wohl [schmecken].…",2,"schmeckten (1), schmeckt (1)",-,-,"[goethe-torquato-tasso] …nd das – »Das kann ich nicht« – So nehmet diesen Trank – »O nein! der [schmeckt] Abscheulich, er empört mir die Natur« So trinkt denn Wasser – »Wasser…","[goethe-egmont] …lles ins Wasser gesprengt. Und die Kerle ersoffen, wie sie das Wasser [schmeckten]; und was wir Holländer waren, gerad hintendrein. Uns, die wir beidleb…",
malen,SD,VERB,28.456487844520378,2.809332529238379,38,"malen (16), gemalt (12), malt (8), malte (2)",lassen (6),lassen (6),[klinger-die-neue-arria] …Herr! – Ich hab [gemalt] –…,"[klinger-das-leidende-wei] …Wahrheit – o ihr hungrigen Poeten, die ihr sie alle mit hellen Farben [gemalt], mit dem hellen Glanz der Sonne verguldet und verglichen! Was strahlt…","[lenz-die-freunde-machen-] …Mademoiselle ich habe die Venus [malen] wollen, und habe Sie getroffen. Glücklicher Mann, der das alles einma…",11,"malt (5), malen (3), malst (2), gemalt (1)",-,-,"[goethe-egmont] …ur, Machiavell: In meiner ganzen Schattierung, aus der ich allenfalls [malen] könnte, ist kein Ton so gelbbraun, gallenschwarz wie Albas Gesichtsfa…","[schiller-don-carlos-infa] …O, mein Sohn, Mein Sohn! du brichst dir selbst den Stab. Sehr reizend [Malst] du ein Glück, das – du mir nie gewährtest.…","[schiller-die-jungfrau-vo] …ns zeigt sichs mir In Träumen an und ängstlichen Gesichten. Zu dreien [Malen] hab ich sie gesehn Zu Reims auf unsrer Könige Stuhle sitzen, Ein funk…"
antworten,SD,VERB,27.29909025012074,2.7703383976225147,54,"antworten (28), antwortet (13), antworte (7), antwortete (4), geantwortet (2)","sollen (4), lassen (3)","sollen (4), lassen (3)","[maler-mueller-golo-und-g] …Hunde, sagt ihr es nicht All, Mathilde ist bei ihm draussen? Laßt die [antworten].…","[leisewitz-julius-von-tar] …Du willst mir [antworten], Bruder. Gut, so laß mich erst reden. Du weißt meine Rechte auf Blank…",[klinger-die-zwillinge] …Du endest diese Stunde mit mir. Komm! ich will dich fragen; [antworte] mir treu!…,17,"antworte (6), antworten (5), antwortet (3), antwortete (2), geantwortet (1)",-,-,[schiller-don-carlos-infa] …t? daß man Aus seinem Zimmer blutig sie getragen? Bei allen Heiligen! [Antworten] Sie! Was muß ich glauben? was ist wahr?…,"[goethe-egmont] …ezu, was ein Verständiger verbärge. Dann macht der Inquisitor aus den [Antworten] wieder Fragen und paßt ja auf, wo irgend ein Widersprüchelchen ersche…","[schiller-die-jungfrau-vo] …sten Lüge Gaukelspiel behauptet, Womit sie Volk und König hinterging. [Antworte] mir im Namen des Dreieinen, Gehörst du zu den Heiligen und Reinen?…"
anfangen,SD,VERB,27.120800251602407,2.026524941617473,58,"anfangen (34), angefangen (12), anzufangen (5), anfängt (5), anfange (2)",-,-,"[lenz-der-hofmeister] …wär er damit auf eine andere Akademie gegangen und hätte von frischem [angefangen] zu wirtschaften. Ich weiß schon, wie es die lüderlichen Studenten mac…","[klinger-sturm-und-drang] …inem noch übrigen Gefühl hinein verschließen, und das Leben von neuem [anfangen], das wir auf den Alpen verlassen haben. Himmel und Erde sind mir Freu…","[maler-mueller-golo-und-g] …seinem abgesteckten Plane kleben ist Schwachheit; besser ein Ding nie [angefangen], als nachher schlecht geendet.…",16,"angefangen (9), anzufangen (3), anfange (2), anfängt (1), anfangen (1)",-,-,"[schiller-don-carlos-infa] …Dies graue Haar doch nicht? Wenn ich einmal zu fürchten [angefangen], Hab ich zu fürchten aufgehört – Ich zähle Die Großen meines Hofs – d…",[goethe-egmont] …Eure Brüder in Flandern haben das gute Werk [angefangen].…,"[schiller-wallenstein] …offnungen, wirf dein Vergangnes Leben weg, entschließe dich Ein neues [anzufangen]. Auch die Tugend Hat ihre Helden, wie der Ruhm, das Glück. Reis hin n…"
lösen,Klassizismus,VERB,-49.935502826345086,-2.0902532657469064,25,"lösen (10), gelöst (6), löst (5), löse (3), löste (1)",seele (5),seele (5),"[goethe-faust-in-urspruen] …als ob die Orgel mir Den Atem versetzte, Gesang mein Herz Im Tiefsten [löste].…","[lenz-der-englaender] …Kerl, habt Ihr den Verstand verloren? [Löst] ihn ab, führt ihn in die Hauptwache.…","[schiller-die-raeuber] …Amalia! Bote des Himmels! Kommst du, meine Seele zu [lösen]?…",107,"lösen (56), löst (26), gelöst (11), löse (8), löste (6)","bande (7), knoten (4), wort (4), schmerz (3), träne (3), band (3)","bande (7), knoten (4), band (3), träne (3), schmerz (3), wort (4)","[schiller-maria-stuart] …So [löst] Ihr selbst das Bündnis wieder auf, Das Ihr geschäftig unberufen knüpf…","[goethe-egmont] …r diese Mauern, nur wenige Meilen entfernen mich von meinen Freunden. [Löse] diese Bande, bringe mich zu ihnen und sei unser! Gewiß, der König dan…",[collin-balboa] …ort das langverschobene Gelübde Der Menschlichkeit mit frohem Sinn zu [lösen].…
sprechen,Klassizismus,VERB,-48.152381690209324,-0.767009216363163,270,"spricht (70), sprechen (68), sprach (48), gesprochen (43), sprich (20), sprachen (7)","herr (11), wort (6), lassen (6), gott (5), freund (4), geist (4), vater (4), sehen (4)","niedergang (3), urteil (4), dein (3), heraus (4), wort (6), herr (11), geist (4), freund (4)","[maler-mueller-golo-und-g] …aß ich gar sehnlich verlange, heut Nacht ein paar Wörtchen mit ihr zu [sprechen], wenn es sein kann.…","[klinger-sturm-und-drang] …, und Blasius ist wieder so stumm wie ein Fisch, und wenn er ein Wort [spricht] quält er einen. Er spricht gar von Heuraten.…","[leisewitz-julius-von-tar] …rd mich beklagen? – Ein Fremder drückt mir gleichgiltig die Augen zu, [spricht] höchstens: »Gott sei seiner armen Seele gnädig«, und legt sich ruhig …",520,"sprich (108), spricht (102), sprechen (96), sprach (71), sprecht (56), gesprochen (50)","wort (26), gott (11), lassen (10), herz (9), hören (9), urteil (8), könig (8), frei (7)","wort (26), urteil (8), deutlich (6), leise (5), eh (7), geheim (5), ward (3), dein (4)","[seume-miltiades] …u sein, Wie den Ioniern; er aber war Der Einzige, der wie ein Grieche [sprach]. Und hätte man dort seinen Rat befolgt Und kühn die Isterbrücke nur z…","[schiller-wallenstein] …ie beständig Zurück nur kommen auf ihr erstes Wort, Wenn man Vernunft [gesprochen] stundenlang! – Des Menschen Taten und Gedanken, wißt! Sind nicht wie …","[schiller-die-braut-von-m] …ressen, bis vom Todesfrost Gelöst die warmen Adern wieder schlagen! O [sprich]! Welch Schreckliches ist hier geschehn? Wo fandst du sie? Wie kam das…"
erscheinen,Klassizismus,VERB,-47.152886236509666,-1.8753573780449235,31,"erscheinen (15), erscheint (7), erschien (3), erschienen (3), erscheinet (2), erscheine (1)","mann (3), hubertusjagd (3)","hubertusjagd (3), mann (3)","[klinger-die-zwillinge] …r! Dir darf ich es sagen, daß mir jede Nacht ihre blasse Totengestalt [erscheint], daß ich sie so kalt in meine Arme festdrücke, daß sie mir winkt, und…","[schiller-die-raeuber] …Schicksals wegen jede Minute einen Tod würde zu leiden haben. Endlich [erschien] der erste Minister des Hofes, wünschte mir zur Entdeckung meiner Unsc…","[goethe-clavigo] …nkbarkeit, Bemühungen, heiliger Versicherungen von seiten des Mannes, [erscheint] das Amt – und er verschwindet.…",118,"erscheinen (43), erscheint (28), erschien (18), erschienen (17), erscheinet (6), erscheine (4)","seh (4), blick (4), augenblick (4), hoch (4), wissen (3), zeichen (3)","seh (4), augenblick (4), zeichen (3), blick (4), hoch (4), wissen (3)","[schiller-wallenstein] …Bloß für den Augenblick – und bis der König Von Ungarn bei dem Heer [erscheinen] kann, Ist das Kommando mir gegeben –…","[collin-balboa] …Gattin; Ich warb um dieses Wort. – Vergebt es mir! Ich liebte. – Hold [erschien] mir eure Tochter, So wie ein Engel aus der Himmelssphäre, Und winkte …","[schlegel-jon] …Fall Den eignen Untergang voraus sich deutet. Die öde Kinderlosigkeit [erscheint] Den Murrenden ein Fluch der Pallas, weil Die hohe Stadtbeschirmerin u…"
zeigen,Klassizismus,VERB,-46.466431775413284,-1.3486963072555673,68,"zeigen (30), zeigt (15), gezeigt (8), zeigte (6), zeige (5), zeigst (2)","gott (4), herz (3)","gott (4), herz (3)","[maler-mueller-golo-und-g] …Nicht nach Uebung und Regel, dem Herzen nach, wie Gott mir es [gezeigt].…","[wagner-die-kindermoerder] …t gefährlich – in die Gurgel. – Drüber liefen die Hausleut hinzu, und [zeigten] denn, wie nit mehr als billig ist, die schöne Geschichte halt an. – U…","[leisewitz-julius-von-tar] …Wenn Sie nicht scherzen, so [zeigen] Sie in Absicht meiner, wie die väterliche Liebe, auch die väterliche …",180,"zeigt (71), zeigen (51), zeige (22), zeigte (20), gezeigt (8), zeigst (5)","leben (4), mann (4), schön (3), öffentlich (3), weg (3), glück (3), schnell (3), liebe (3)","öffentlich (3), ferne (3), schnell (3), weg (3), liebe (3), mann (4), glück (3), schön (3)","[goethe-pandora] …hwebten schon Im Gaukeln lieblich Götterbilder, buntgedrängt; Pandora [zeigt] und nannte mir die Schwebenden: Dort, siehst du, sprach sie, glänzet …","[schlegel-alarcos] …n grimmiger Schlacht Die grünende Erde; es öffnet die Wunde den Mund, [Zeigt] in blutgen Eingeweiden uns die Tiefe kund. Doch die schlimmste Krankh…","[schiller-maria-stuart] …Jetzt [zeigt] Ihr Euer wahres Gesicht, bis jetzt wars nur die Larve.…"
beschützen,Klassizismus,VERB,-46.28530992196842,-3.476630068361111,4,beschützen (4),-,-,"[klinger-simsone-grisaldo] …ien zu erretten, in vollen Glanz zu bringen, und zu vergrößern, es zu [beschützen], und durch seine innre Stärke zusammenzuhalten. Laß sie mich anfeinde…","[goethe-goetz-von-berlich] …Hülfe uns nah ist, statt daß die entfernte Majestät sich selbst nicht [beschützen] kann.…",[goethe-goetz-von-berlich] …unsers teuern Kaisers sehr ausgesetzte Länder und die Ruhe des Reichs [beschützen] Das wäre ein Leben! Georg! wenn man seine Haut für die allgemeine Glü…,54,"beschützen (27), beschützt (19), beschütze (5), beschützte (2), beschützten (1)",arm (3),arm (3),"[schiller-die-braut-von-m] …der Söhne Streit; Versöhnt, vereinigt, sind sie mächtig gnug, Euch zu [beschützen] gegen eine Welt, Und Recht sich zu verschaffen – gegen euch!…","[goethe-die-natuerliche-t] …e nächsten Anverwandten Geborne Räte, die, mit ihm vereint, Das Reich [beschützen] und beglücken sollten. O träte doch in diese Regionen, Zum Rate diese…","[schiller-wallenstein] …Da kommt der Paladin, der uns [beschützte].…"
ergreifen,Klassizismus,VERB,-45.25089311447993,-2.0494896262021496,21,"ergreifen (8), ergreift (6), ergriff (4), ergriffen (3)",-,-,"[goethe-goetz-von-berlich] …ch sehe kein ander Mittel, den Schwindelgeist, der ganze Landschaften [ergreift], zu bannen. Hören wir nicht schon hier und da die bittersten Klagen d…","[klinger-die-zwillinge] …Nichts, nichts! Es [ergriff] mich am Herzen, und drückte mich, und 's ward mir etwas dunkel vor de…","[leisewitz-julius-von-tar] … sollen, sobald meine Empfindung nur aufloderte, müßte sie sie zuerst [ergreifen]. – Liebe, du bist ein Abgrund, man mag begreifen, oder empfinden. – V…",113,"ergreift (40), ergreifen (24), ergriffen (22), ergriff (22), ergreife (5)","herz (6), augenblick (4), hand (3), wehmut (3), verlassen (3), neu (3), entsetzen (3)","wehmut (3), entsetzen (3), augenblick (4), herz (6), neu (3), verlassen (3), hand (3)","[goethe-torquato-tasso] …ir an, Wie hat der Zwist sich in mein Haus gedrungen? Wie hat er euch [ergriffen], von der Bahn Der Sitten, der Gesetze kluge Männer Im Taumel weggeris…","[schiller-die-braut-von-m] …g, wie die Wiesenquelle, An Wünschen leer, doch nicht an Freuden arm. [Ergriffen] jetzt hat mich des Lebens Welle, Mich faßt die Welt in ihren Riesenar…","[schiller-die-jungfrau-vo] …ölle Rachen ein Gespenst der Nacht Hervor. – Wohin entrinn ich! Schon [ergreift] sie mich Mit ihren Feueraugen, wirft von fern Der Blicke Schlingen ni…"
vereinen,Klassizismus,VERB,-44.89283382563439,-4.081069943581571,2,vereint (2),-,-,"[leisewitz-julius-von-tar] …and, und alle Menschen sind ein Volk. – Durch eine allgemeine Sprache [vereint]! – Die allgemeine Sprache der Völker ist Tränen und Seufzer; – ich ve…","[maler-mueller-golo-und-g] …erdar Ihr jung frisch Leben hingeweint, Bis sie ein süßer Tod allhier [vereint]. Laßt sachte rinnen eure Zähren, Gedenkt an uns bei eurer Qual, Auch …",,50,"vereint (29), vereinen (17), vereinte (2), vereinet (2)","ewig (3), trennen (3)","trennen (3), ewig (3)","[schiller-die-braut-von-m] …ist mir der erwünschte Tag, Der lang ersehnte, festliche erschienen – [Vereint] seh ich die Herzen meiner Kinder, Wie ich die Hände leicht zusammenfü…","[schiller-wallenstein] …Von Eid und Pflicht und Ehre wegzulocken, Zu einer Schurkentat sie zu [vereinen]?…","[wolzogen-der-leukadische] …us ewger Dunkelheit so friedlich winkt! und wallen nicht die Schatten [vereint]? – Ja unser Herz betrügt sich nicht, wenn es in jene Fernen ahndend s…"
scheinen,Klassizismus,VERB,-44.38772718485184,-1.1052902601761758,107,"scheint (47), schien (26), scheinen (19), schienen (6), scheinst (5), scheine (2)","sonne (5), mensch (3)","sonne (5), mensch (3)","[leisewitz-julius-von-tar] …igkeit! – Ewigkeit ist ja die Dauer der Liebe. Sehn Sie, wie der Mond [scheint]! Sie denken sich ihn als einen leuchtenden Weltkörper – ich seh an ih…","[schiller-die-raeuber] …r dir im Wachen, Karl regierte in deinen Träumen, die ganze Schöpfung [schien] dir nur in den Einzigen zu zerfließen, den Einzigen widerzustrahlen, …",[goethe-faust-in-urspruen] …Er [scheint] ihr gewogen.…,249,"scheint (121), schien (59), scheinen (40), scheinst (16), scheine (7), schienen (5)","tief (5), bedenklich (4), edel (3), verlegen (3), glück (3), alt (3), unmöglich (3), lassen (3)","bedenklich (4), verlegen (3), bestürzt (3), unmöglich (3), tief (5), schweigen (3), verlieren (3), edel (3)","[goethe-egmont] …n, nichts Außerordentliches. Ich habe sie schon öfter so gesehen. Sie [schien] mir nicht ganz wohl.…","[goethe-die-natuerliche-t] …, der Kirchen edlen Bau, Des Hafens masterfüllten Raum betrachte: Das [scheint] mir alles für die Ewigkeit Gegründet und geordnet; diese Menge Gewerk…","[goethe-iphigenie-auf-tau] … Augenblick ist teuer, Und unsre Rückkehr hängt an zarten Fäden, Die, [scheint] es, eine günstge Parze spinnt.…"
bedürfen,Klassizismus,VERB,-44.000083360292415,-3.054030690829219,6,bedarf (6),-,-,"[klinger-die-neue-arria] …ch versteh dich. Kein Wort, meine Liebe! Wer ein solches Gesicht hat, [bedarf] keiner Worte. – Ich halt eine Römerin in meinen Armen, eine starkmüti…","[wagner-die-kindermoerder] …s liegt Ihnen selbst daran dieses zu wissen. von Gröningseck. N.S. Es [bedarf] keiner Antwort, sie trifft mich doch nicht ...«…","[schiller-die-raeuber] …ll er nicht, was ist billiger? – Rolle doch deine Augen nicht so – er [bedarf] ja meiner nicht. Hat er nicht Geschöpfe die Fülle? Einen kann er so l…",68,"bedarf (47), bedürfen (14), bedürfe (3), bedürfte (2), bedürft (2)","rat (3), glauben (3)","rat (3), glauben (3)",[goethe-die-natuerliche-t] …spendet an den Zufall seine Gaben. Genug besitzen hieße darben. Alles [Bedürfte] man! Unendlicher Verschwendung Sind ungemeßne Güter wünschenswert. Hi…,"[schiller-don-carlos-infa] …Ah! Das ist er! Seid mir willkommen, Marquis – Eurer, Herzog, [Bedarf] ich jetzt nicht mehr. Verlaßt uns.…","[goethe-pandora] …Ach, wohl [bedürfen] sie es, und niemand mehr.…"
retten,Klassizismus,VERB,-43.22518434944827,-1.2161805791118212,108,"rette (43), retten (38), rettet (14), gerettet (11), rettete (2)","bruder (5), hauptmann (5), freund (4), unglückliche (3), einzig (3), lassen (3), fliehen (3), komm (3)","hauptmann (5), unglückliche (3), fliehen (3), bruder (5), freund (4), komm (3), einzig (3), seele (3)","[schiller-die-raeuber] …Rettet, rettet, [rettet] den Hauptmann!…","[maler-mueller-golo-und-g] …st es zu spät; dann treffe dein Vorwurf mich nicht. Komm, rette dich, [rette] mich, rette uns Alle! Wir wollen dein Blut nicht. Ja, bei allem dem E…",[lenz-die-soldaten] …diesen Tränen. Ich habe alles getan das unglückliche Schlachtopfer zu [retten] – sie wollte nicht.…,204,"retten (87), gerettet (44), rettet (40), rette (24), rettete (9)","leben (9), seele (6), schnell (6), gott (5), helft (4), götter (3), hand (3), gefahr (3)","helft (4), seele (6), schnell (6), leben (9), besitzen (3), eilen (3), gefahr (3), gehen (3)","[goethe-iphigenie-auf-tau] …nerstes entsetzte wirbelnd sich, Mein Auge brach, und – ich fand mich [gerettet]. Sind wir, was Götter gnädig uns gewährt, Unglücklichen nicht zu erst…","[schiller-wilhelm-tell] …Hat euch verteidigt und das Land [gerettet], Ich darf sie frei hinauf zum Himmel heben. Wer ist der Bruder hier?…","[goethe-pandora] …[Gerettet] ist er? sage mir, und schaust du ihn?…"
ehren,Klassizismus,VERB,-42.59786668957361,-2.116923391237071,164,"ehre (139), ehren (19), geehrt (4), ehrt (2)","leben (8), vater (5), glück (5), geben (4), reden (3), mann (3), alt (3), halten (3)","glück (5), leben (8), hoch (3), träne (3), reden (3), alt (3), geben (4), vater (5)","[lenz-der-hofmeister] …in dem unglücklichen Arrest, wo ich ihn nur einigemal zu sprechen die [Ehre] haben konnte: also könnt ich Ihnen aufrichtig von der Führung Dero He…","[schiller-die-raeuber] …üre stieß. – Diesen Achat trag ich einem Pfaffen Ihres Gelichters zur [Ehre], den ich mit eigener Hand erwürgte, als er auf offener Kanzel geweint…","[klinger-sturm-und-drang] …machen uns das traurige Leben hier, leicht und angenehm. Ich habe die [Ehre] zu reden –…",198,"ehre (112), ehren (44), ehrt (28), geehrt (9), ehrte (4), ehrten (1)","hoch (7), mann (7), ehre (6), bringen (5), pflicht (5), könig (5), heilig (5), vater (4)","ehre (6), dein (4), hoch (7), pflicht (5), heilig (5), bringen (5), mann (7), wille (3)","[schiller-wallenstein] …Graf Piccolomini! Darf Euch der Mann Von [Ehre] sprechen, der die Treue brach?…","[schiller-die-jungfrau-vo] …Mein Herz erkor sie, da sie niedrig war, Die neue [Ehre], die ihr Haupt umglänzt, Erhöht nicht ihr Verdienst, noch meine Liebe…","[schiller-maria-stuart] …dter, daß ein Ehebündnis Mit einem königlichen Sohne Frankreichs Mich [ehrt]! Ja, ich gesteh es unverhohlen, Wenn es sein muß – wenn ichs nicht än…"
vollbringen,Klassizismus,VERB,-42.44107494813551,-4.60391073239493,2,vollbringen (2),-,-,"[maler-mueller-golo-und-g] …äger zu stehn. Werden das Möglichste tun, unsre Schuldigkeit genau zu [vollbringen].…","[klinger-die-zwillinge] …ürgende Schwert über mich, und berührt meine Seele! Entschluß ist da, [Vollbringen] ist da! Alle gute Geister hüllten ihr Haupt ein, und weinten eine Zäh…",,41,"vollbracht (22), vollbringen (11), vollbringt (5), vollbringe (2), vollbringens (1)",-,-,"[collin-balboa] … ruft die Bilder vor in unserm Geist, Wenn er durch uns das Herrliche [vollbringt]. – Auch auf den König laß uns kühn vertrauen. Ich kenne Karlos Herz. …","[schlegel-alarcos] …ie leicht, daß der nun jedes andre Blut vergießt! Dein Will ist jetzt [vollbracht], Tyrann; und sei gewiß, Daß ich, sobald du selbst es willst, dein Eid…","[schlegel-jon] …Wohlan, es muß geschehn. Doch wie [vollbringen] wir es?…"
verehren,Klassizismus,VERB,-40.49070853135195,-3.5956431164113294,3,"verehre (2), verehrt (1)",-,-,"[wagner-die-reue-nach-der] …o hab ich auch Ihre Einwilligung – Sie lösen die Bande, die ich immer [verehrt] habe; – ich bin frei und werde meine Freiheit benutzen.…","[goethe-goetz-von-berlich] …nicht das Ebenbild des Kaisers, das ich in dem gesudeltsten Konterfei [verehre], du solltest mir den Räuber fressen oder dran erwürgen! Ich bin in ei…","[wagner-die-reue-nach-der] …Ich sprach nicht von Ihrer Monarchin; ich [verehre] sie so gut, wie Sie immer. – Ich dachte, Sie wüßtens schon: von der J…",46,"verehren (26), verehrt (16), verehre (4)",-,-,"[goethe-iphigenie-auf-tau] …en Empfangen, die ihr mir das Bild der Helden, Die ich von Eltern her [verehren] lernte, Entgegen bringet und das innre Herz Mit neuer, schöner Hoffnu…","[goethe-torquato-tasso] …b ich es um sie verdient? – Du armes Herz Dem so natürlich war sie zu [verehren]! – Vernahm ich ihre Stimme, wie durchdrang Ein unaussprechliches Gefü…","[schlegel-alarcos] …leins sicher gut gepflegt, Bis sie dereinst mit andern Jungfraun Gott [verehrt]. Ich bleibe bis zum Tode hier in meinem Schmerz, Den Rosenkranz in Hä…"
beglücken,Klassizismus,VERB,-39.833102424489866,-4.524839161403731,1,beglückt (1),-,-,"[lenz-der-hofmeister] …t, daß sie die liebenswürdigste Kreatur sei, die jemals die Schöpfung [beglückt] hat; ich hab ihr das auf ihre Lippen gedrückt; ich hab diesen unschul…",,,39,"beglückt (21), beglücken (17), beglücke (1)","hand (4), eurer (3)","eurer (3), hand (4)","[schiller-wallenstein] …an wird ihn höflich noch drum bitten, Die reichste Erbin in Europa zu [beglücken] Mit seiner Hand.…","[collin-balboa] …ßen? O stimmet euch schon hier zur Harmonie, Die dort die Ewigseligen [beglückt]! Kein Mißton darf in ihre Jubel dringen. – Ihr klagt: »Mein Werk war …","[schiller-maria-stuart] …sie verläßt, ihr einzger Schutz, Da du den Königssohn mit deiner Hand [Beglücken] willst, die Hoffnung eines neuen Regentenstammes diesem Lande blüht? …"
verkünden,Klassizismus,VERB,-39.405140007662034,-5.842697591982047,0,,-,-,,,,32,"verkünden (21), verkündet (10), verkünde (1)",-,-,"[schiller-wilhelm-tell] …So eilt nach Bürglen, tut die Lieb mir an, Mein Weib verzagt um mich, [verkündet] ihr, Daß ich gerettet sei und wohl geborgen.…","[schiller-maria-stuart] …ch will ich meine letzte Beichte tun, Und Euer Mund soll mir das Heil [verkünden].…","[schiller-die-braut-von-m] …ommen, Das Schlimmste weißt du, nichts ist mehr zurück! Wie die Seher [verkündet], so ist es gekommen, Denn noch niemand entfloh dem verhängten Geschic…"
verbergen,Klassizismus,VERB,-38.89107034588604,-1.8451905855882023,28,"verbergen (11), verborgen (8), verbirgt (4), verberge (2), verberg (2), verbergt (1)",-,-,[goethe-faust-in-urspruen] …Verbirgst du dich? Blieben [verborgen] Dein Sünd und Schand? Luft? Licht? Weh dir!…,"[klinger-simsone-grisaldo] …urio! – Und wenn das noch ist, daß die maurische Prinzessin sich hier [verborgen] aufhält, so hab ich es, so hab ich es. Die Köpfe aus der Schlinge, da…","[maler-mueller-golo-und-g] … Sprung über die ganze Welt! – Soll ich dort ... will da hinein, mich [verbergen]!…",116,"verbergen (36), verborgen (34), verbirgt (16), verbarg (14), verberg (6), verberge (5)","bleiben (7), tief (4), gott (3), lassen (3), falsch (3), haus (3), herz (3)","bleiben (7), tief (4), falsch (3), haus (3), gott (3), herz (3), lassen (3)","[schiller-die-braut-von-m] … Schilt oder lobe meine Tat, Diego! Doch dem Getreuen will ich nichts [verbergen]. Nicht tragen konnt ichs, hier in müßger Ruh Zu harren des Erfolgs, i…","[schiller-wallenstein] …Liebe gibt ihn mir – Ich sollte minder offen sein, mein Herz Dir mehr [verbergen], also wills die Sitte. Wo aber wäre Wahrheit hier für dich, Wenn du s…","[wolzogen-der-leukadische] …Nächte glänzt, O heilge Jungfrau, gieb mir stille Sitte! Ihr Grazien, [verbergt] mein glühend Herz – umhüllt den Blick – gebietet meinen Worten!…"
horchen,Klassizismus,VERB,-37.231489209362174,-4.441181232356821,3,horcht (3),-,-,"[klinger-die-zwillinge] …aufsteigen, wo der Verfluchte den Scheitel des Gerechten schmetterte? [Horcht] er nicht den Totenruf an der Braut Seite und zitterte? – Du hast ausg…","[maler-mueller-golo-und-g] …[Horcht], wie es draus regnet!…","[goethe-goetz-von-berlich] … Weibe! – Mein Franz verführt durch die Abscheuliche! Wie sie wartet, [horcht] auf den Boten, der ihr die Nachricht bringe: Er ist tot. Und du, Mari…",48,"gehorcht (31), horchen (6), horcht (5), horche (4), horchte (2)",-,-,"[goethe-egmont] …h einem Stern des Himmels entgegenleuchtete. Wie oft hab ich nach dir [gehorcht], gefragt! Des Kindes Hoffnung ist der Jüngling, des Jünglings der Man…","[schlegel-alarcos] …aus deinen Augen, fort; Ich war erstaunt, doch hab ich schweigend dir [gehorcht].…","[schiller-die-braut-von-m] …llen In des Jahres Kreise, Wenn zum Grabe wallen Entnervte Greise, Da [gehorcht] die Natur Ruhig nur Ihrem alten Gesetze, Ihrem ewigen Brauch, Da ist …"
fordern,Klassizismus,VERB,-36.984858490340805,-1.8690808825727148,25,"fordern (12), fordert (7), fordere (3), forderte (2), forderten (1)",-,-,[maler-mueller-golo-und-g] … kurz kommt und mit hungrigem Magen vor leerer Krippe steht; der Herr [fordert] am Tag über doch streng die Arbeit. So was ist höchst gottlos.…,"[goethe-clavigo] …iben Sie die so verlangte Erklärung, das ist alles, was ich von Ihnen [fordere], und überlassen Sie mir die Sorgfalt einer ausgesuchten Rache!…","[wagner-die-kindermoerder] …em andern versteht sich. – Und wenn er heut noch Satisfaktion von mir [fordert], so soll er sie heut noch haben, wenn tausend Schafott und tausend Ga…",85,"fordert (45), fordern (27), forderte (8), gefordert (4), forderten (1)","könig (5), gericht (3), mutter (3)","gericht (3), könig (5), mutter (3)",[goethe-iphigenie-auf-tau] … wird nicht gesegnet. Drum endige dein Schweigen und dein Weigern! Es [fordert] dies kein ungerechter Mann. Die Göttin übergab dich meinen Händen; Wi…,"[schiller-don-carlos-infa] …Das [fordert] Blut! – Das Schwert Gezogen, Herzog!…","[goethe-torquato-tasso] …nnen sich, Die eng an eine Bank geschmiedet keuchen; Wo keiner was zu [fordern] hat und keiner Was zu verlieren hat, die kennen sich! Wo jeder sich f…"
fügen,Klassizismus,VERB,-36.687544145064656,-5.741414256144864,0,,-,-,,,,28,"fügen (16), gefügt (5), füge (4), fügt (3)",-,-,"[collin-coriolan] …Wohlan, es sei! Ich [füge] mich dem Rufe!…","[schiller-die-jungfrau-vo] …Der ewgen Sonne die Atome wieder, Die sich zu Schmerz und Lust in mir [gefügt] – Und von dem mächtgen Talbot, der die Welt Mit seinem Kriegsruhm fül…",[collin-balboa] …Wir [fügen] uns.…
vollenden,Klassizismus,VERB,-34.84994910915891,-2.5868372190359885,9,"vollenden (5), vollendet (3), vollende (1)",-,-,"[schiller-die-verschwoeru] …ennen! Verwegenes, entsetzliches Glück! Mein Genuas größten Mann! der [vollendet] sprang aus dem Meißel der unerschöpflichen Künstlerin, alle Größen se…",[schiller-die-raeuber] …iner Väter werden heimgesucht im dritten und vierten Glied – laß ihns [vollenden].…,"[schiller-kabale-und-lieb] …liches Wort, aber die Ewigkeit hat Mühe, es zu umwandern, Weltsysteme [vollenden] ihre Bahnen darin – Alles! Und so frevelhaft damit zu spielen – O es …",68,"vollendet (34), vollenden (25), vollende (9)","werk (8), geschäft (3), gott (3)","werk (8), geschäft (3), gott (3)","[goethe-iphigenie-auf-tau] …innt, Befürcht ich andern, harten Schluß von ihm, Den unaufhaltbar er [vollenden] wird: Denn seine Seel ist fest und unbeweglich. Drum bitt ich dich, v…","[schiller-maria-stuart] …ich wärs Das Beste – O mein guter Engel spricht Aus Euch. Fahrt fort, [vollendet], werter Sir! Euch ist es Ernst, Ihr dringet auf den Grund, Seid ein g…","[collin-balboa] …ngeln oft im Traum gesehn, Ein Bild, von karger Wirklichkeit versagt, [Vollendet] hobst du es auf aus deiner Brust. – Ha! wie der Adler nach der Sonne …"
wirken,Klassizismus,VERB,-34.83877347193476,-2.331310349871136,11,"wirkt (4), gewirkt (3), wirken (2), wirkte (1), wirke (1)",-,-,"[klinger-simsone-grisaldo] …Weiß Gott! die Infantin ist schön, und hat auf mich [gewirkt], daß mir tausend Sinnen aufgegangen sind, und all diese Sinne streben…",[klinger-sturm-und-drang] …ner dummen Langeweile. Hab ich denn schon aufgehört auf die Männer zu [wirken]?…,"[goethe-clavigo] … mich kommt. Neulich, o neulich, als wir ihm begegneten, sein Anblick [wirkte] volle warme Liebe auf mich! und wie ich wieder nach Hause kam, und mi…",61,"wirken (28), wirkt (17), gewirkt (7), wirkens (3), wirke (3), wirkte (2)","schnell (3), wunder (3)","wunder (3), schnell (3)","[schiller-don-carlos-infa] … Dominikus In allen Kirchen für das hohe Wunder lobtet, Das er an mir [gewirkt]? – Was damals Wunder Gewesen, ist es jetzt nicht mehr? So habt Ihr da…","[schiller-wilhelm-tell] …en Gleichen, Mit reiner, freier Huldigung verehrt, Groß wie ein König [wirkt] in seinen Reichen.…",[collin-coriolan] …Das hat [gewirkt]!…
erfüllen,Klassizismus,VERB,-34.61405554901087,-2.2587128581847202,12,"erfüllt (7), erfüllen (4), erfüllte (1)",-,-,"[maler-mueller-golo-und-g] … den Kragen, so lang uns den Magen Vertumnus mit brausendem Most noch [erfüllt]! Was gibt es denn Süßers zu tun und zu wagen, Als Jagen und Jagen, al…","[schiller-die-verschwoeru] …abe hier euer aller Rollen zu Papier gebracht, wenn jeder die seinige [erfüllt], so ist nichts mehr zu sagen – Verrina wird voraus in den Hafen gehen…",[goethe-satyros] …t alle Ding. Und aller Seligkeit Wahntraumbild Fühl ich erbebend voll [erfüllt].…,68,"erfüllt (42), erfüllen (17), erfülle (7), erfüllte (2)","pflicht (4), wort (3), göttlich (3)","pflicht (4), göttlich (3), wort (3)","[goethe-egmont] …t vielleicht an euch, er hofft auf euch, er, der nur zu geben, nur zu [erfüllen] gewohnt war.…","[schiller-maria-stuart] …mir als wahr und wirklich vor den Sinn, Was die Gedanken gräßlich mir [erfüllt]. Wer kommt? Es ist Okelly. So schreckenvoll!…","[schiller-die-jungfrau-vo] …ch auf aus dieser müßgen Ruh, Und treibt mich fort, daß ich mein Werk [erfülle], Gebietrisch mahnend meinem Schicksal zu.…"
empfangen,Klassizismus,VERB,-33.786795939779,-1.7222574282854337,26,"empfangen (16), empfängt (5), empfing (3), empfangt (1), empfange (1)",-,-,[maler-mueller-golo-und-g] …Die ganze edle Ritterschaft hier [empfängt] dich mit aller dir gebührenden Ehre.…,"[klinger-simsone-grisaldo] …hr dieses nicht begreift – man muß mit diesen Sinnen geboren sein, um [empfangen] zu können, was sonst gute jetzt gebangte Sinnen sprechen. – Und um au…","[goethe-goetz-von-berlich] …er Gerechtigkeit erwarten, wenn Ihr es nicht aus den Händen der Gnade [empfangen] wollt.…",99,"empfangen (62), empfing (13), empfängt (10), empfange (7), empfangt (4), empfangner (1)","hand (6), ancus (3), schön (3), befehl (3), letzter (3)","ancus (3), hand (6), befehl (3), letzter (3), schön (3)","[goethe-iphigenie-auf-tau] …an euch gewohnt zu hören bin, Und seh ich an dem Ärmsten eure Tracht: [Empfangen] will ich ihn wie einen Gott, Ich will ihm selbst ein Lager zubereiten…","[goethe-torquato-tasso] … es auch! Viel schöner ist es, rein Und unverdient ein solch Geschenk [empfangen], Als halb und halb zu wähnen, daß man wohl Es habe fordern dürfen. Bl…","[schiller-maria-stuart] …Daß es dieselben sind, die er [empfangen], Hat Babington vor seinem Tod bekannt.…"
gebieten,Klassizismus,VERB,-33.579218678687624,-3.7466509045110117,6,"geboten (4), gebietet (1), gebieten (1)",trotz (3),trotz (3),"[schiller-die-raeuber] …hn arbeitet und eilf lebendige Kinder hat – Man hat tausend Louisdore [geboten], wer den großen Räuber lebendig liefert – dem Mann kann geholfen werd…","[klinger-sturm-und-drang] …h will nichts sinnen und fühlen mehr. Ich habe dich ja, und Trotz sei [geboten]! Trotz sei geboten, dem Starrkopf!…","[leisewitz-julius-von-tar] …, genug du weißt dein Mädchen zu lieben; und Trotz sei jedem Sperling [geboten].…",56,"gebietet (24), gebieten (17), gebiete (8), geboten (7)","vater (3), welt (3)","welt (3), vater (3)","[schiller-maria-stuart] …st von königlichem Blut, das bin Ich nicht, doch Trotz sei aller Welt [geboten], Ob einer lebt auf diesem Erdenrund, Der mehr Anbetung für dich fühlt…","[schiller-die-jungfrau-vo] …f! Jetzt ists nicht Zeit, ermattet hinzusinken. Weicht nicht dem Tod, [gebietet] der Natur Mit Eurem mächtgen Willen, daß sie lebe!…","[goethe-iphigenie-auf-tau] …Du weigerst dich umsonst; die ehrne Hand Der Not [gebietet], und ihr ernster Wink Ist oberstes Gesetz, dem Götter selbst Sich unt…"
erheben,Klassizismus,VERB,-33.55045147067422,-1.7717879051883836,23,"erheben (8), erhebt (6), erhoben (5), erhebe (3), erhob (1)",-,-,"[maler-mueller-golo-und-g] …ägt an; rund herum gehn die zwölf Apostel und über des Giebels Spitze [erhebt] sich Jesus Christus, der von den Todten aufersteht.…","[lenz-die-freunde-machen-] … gesagt, als meine von Wollust schwimmenden Augen sich zu den Ihrigen [erhoben] und Blick auf Blick unsere Seelen verschwisterte. Hätten Sie mir es g…","[lenz-der-englaender] …em Schmelzofen glüh ich, wenn ich meine Augen zu jenen roten Gardinen [erhebe]. Dort schläft sie, dort schlummert sie jetzt vielleicht. O, der Kisse…",91,"erheben (41), erhebt (29), erhebe (9), erhoben (6), erhob (6)","geist (3), sonne (3), schön (3), kraft (3), hand (3), stimme (3)","sonne (3), stimme (3), kraft (3), geist (3), schön (3), hand (3)","[goethe-torquato-tasso] …t du Zeugen, diese stummen Zeugen Des höchsten Glücks zu fürchten? Es [erhebt] Die Sonne sich des neuen Lebenstages, Der mit den vorigen sich nicht …","[schlegel-alarcos] … meine Brust, du wackrer Held! Daß sie an deiner sich mit starkem Mut [erhebt].…","[collin-balboa] …uß die Tyrannei ihr Haupt enthüllen, Zum Mörderschlag den frechen Arm [erheben], Eh wir zum offnen Kampf die Fahne schwingen. Dann erst erscheinet un…"
verbannen,Klassizismus,VERB,-32.006476710339,-3.342524179442618,4,"verbannt (3), verbannet (1)",-,-,"[schiller-die-raeuber] …mal mehr davon hören – ja, ich sage dir, seit eilf Monaten so gut als [verbannt]. Aber schon bereut der Alte den voreiligen Schritt, den er doch, will…","[goethe-satyros] …ckten. Und ihr – wo ist sie hin, die Lust An sich selbst? Siechlinge, [verbannet] nur!…",[klinger-sturm-und-drang] …raver Junge von feurigem Mut und Sinn! – Den Hauptmann Dudlei hab ich [verbannt] Miß! Stell dir einmal vor – ich weiß nicht was der Narr will. Vor ein…,48,"verbannt (37), verbannen (5), verbanne (3), verbannte (3)",verstoßen (7),verstoßen (7),"[goethe-torquato-tasso] …, Die frevelhaft und ungerecht ergreift. So seh ich mich am Ende denn [verbannt], Verstoßen und verbannt als Bettler hier? So hat man mich bekränzt, u…",[collin-coriolan] …Er ist aus Rom [verbannt].…,"[goethe-iphigenie-auf-tau] …denden Züge Des Ahnherrn zu sehn. So sangen die Parzen; Es horcht der [Verbannte] In nächtlichen Höhlen, Der Alte, die Lieder, Denkt Kinder und Enkel U…"
täuschen,Klassizismus,VERB,-32.006476710339,-3.342524179442618,5,"täuschen (3), täuscht (2)",-,-,"[wagner-die-reue-nach-der] …Zur Wut, wenn auch ein Freund unsre Erwartung [täuscht], ist – leicht.…","[klinger-simsone-grisaldo] …ilder, ihr zerarbeitet, zehrt mich auf, ich hab nichts, euer Schatten [täuscht] mich nicht, euer Dasein peinigt mich. Ha! strebt sich es auf! Ihre Ha…","[schiller-die-raeuber] …ht, wenn ihn nicht eine höhere Weisheit gestiftet hat – man kann sich [täuschen] – Glaube mir, man kann das für Stärke des Geistes halten, was doch am…",49,"getäuscht (15), täuscht (13), täuschen (12), täuschte (4), täusche (3), täuschten (2)",-,-,"[schiller-don-carlos-infa] … mir endlich ohne Zeugen schenkt, Daß falsche Schrecken mich am Ziele [täuschten]? Nein, Königin! Die Welt kann hundertmal, Kann tausendmal um ihre Pol…",[schiller-die-jungfrau-vo] …La Hire! Dich [täuscht] ein fabelhaft Gerücht. Gesiegt! Ich glaub an keine Siege mehr.…,"[schiller-die-braut-von-m] …olche Heimlichkeit Verhüllt zu tragen diese langen Jahre, Den Mann zu [täuschen], den umsichtigsten Der Menschen, und ins Herz zurückzudrängen Den Tri…"
versöhnen,Klassizismus,VERB,-31.656100731149152,-2.5019483214494755,8,"versöhnt (5), versöhnen (3)",-,-,"[leisewitz-julius-von-tar] …tehn, seine Regel sei Weichlichkeit, Heilige durch mich mit der Liebe [versöhnt], sollen für Mitleiden, und Märtyrer für Beschämung das Gesicht verwen…","[klinger-sturm-und-drang] …rklei darstellen, was kann ihm mein Anblick Zorn einjagen, er muß ihn [versöhnen]. Hab ich ihn doch gesucht, und da ich ihn finde – ich bin da, bleibe …","[schiller-die-raeuber] …f – Aber noch blieb mir etwas übrig, womit ich die beleidigte Gesetze [versöhnen], und die mißhandelte Ordnung wiederum heilen kann. Sie bedarf eines O…",55,"versöhnt (33), versöhnen (21), versöhne (1)","gott (4), haß (3), feind (3), blut (3)","haß (3), blut (3), feind (3), gott (4)","[schiller-die-braut-von-m] …denshoffnungen in diese Tore, Und friedlich werden wir zusammen ruhn, [Versöhnt] auf ewig in dem Haus des Todes.…","[collin-coriolan] … Hinstürzen wollt ich in das eigne Schwerdt Als Bürger Roms; – so Rom [versöhnen] – blutend, So von der Furcht befrein, den Sohn einst wieder Als Feind…","[goethe-pandora] …Der Tränen Gabe, sie [versöhnt] den grimmsten Schmerz Sie fließen glücklich, wenn es im Innern heilen…"
bereiten,Klassizismus,VERB,-31.381459020680957,-2.017085487656584,15,"bereitet (11), bereiten (4)",-,-,[klinger-simsone-grisaldo] …Kind! geschwind! es ist alles [bereitet].…,[goethe-goetz-von-berlich] …Gott im Himmel! Konntest du mir Unwürdigen solch eine Seligkeit [bereiten]? Es ist zu viel für mein Herz. Wie ich von den elenden Menschen abhin…,[goethe-satyros] … der ist so schattenkühl. Hier hat mir einen Königsthron Der Rasen ja [bereitet] schon; Und die Lüftelein laden mich all Wie lose Buhlen ohne Zahl. Na…,67,"bereitet (38), bereiten (23), bereite (4), bereitete (2)",leben (3),leben (3),"[schiller-maria-stuart] …al, Unglückliche! Jetzt – ja jetzt mußt du sterben, Dein Engel selbst [bereitet] deinen Fall.…","[goethe-die-natuerliche-t] …u, Daß eine fromme Seele mir das Grab Auf heimschem Boden wohlgesinnt [bereite]. Wohlan denn! Will mein Fuß nicht mehr gehorchen? Was fesselt meinen …","[goethe-iphigenie-auf-tau] … Wort: im Heiligtum der Schwester Sei Trost und Hilf und Rückkehr dir [bereitet]. Der Götter Worte sind nicht doppelsinnig, Wie der Gedrückte sie im U…"
üben,Klassizismus,VERB,-30.809939773366448,-3.3024467400672832,4,"üben (2), übten (1), übe (1)",-,-,"[maler-mueller-golo-und-g] …gt, fein lebendig zur Höhle heim trägt, daran ihr Junges im Würgen zu [üben]: so möcht ich sie meinem Golo gern ... Dumme Rolle! – Und doch, was i…","[goethe-goetz-von-berlich] … uns gelassen, daß sie ihren höllischen Mutwillen an unserm Verderben [üben]. Er setzt sich. – Matt! Matt! Wie sind meine Nägel so blau! – Ein kal…","[schiller-kabale-und-lieb] …ine Schönheit – Trete Sie näher, mein Kind. Augen, die sich im Weinen [übten] – Wie lieb ich sie, diese Augen! Nur näher – Nur ganz nah – Gutes Kin…",38,"üben (14), übt (11), geübt (6), übe (4), übte (2), übten (1)","willkühr (3), pflicht (3)","willkühr (3), pflicht (3)","[collin-balboa] …, wie es uns der König gab, Nein, das Gesetz, wie es frech der Frevel [übt]; Das nur, das schalt, und schelt ich noch tyrannisch! Ihr staunet? – …","[goethe-torquato-tasso] …helnd ein. Es will der Feind – es darf der Freund nicht schonen: Dann [übt] der Jüngling streitend seine Kräfte, Fühlt was er ist und fühlt sich …",[schlegel-jon] …Denkst du an mir es durch Gewalt zu [üben]?…
beginnen,Klassizismus,VERB,-30.270387961476082,-2.3703385119284146,11,"beginnen (4), beginnt (3), beginne (2), begonnen (1), beginnens (1)",-,-,[schiller-die-verschwoeru] …uck in ihr Grab zurück – Die Grafen von Lavagna starben aus – Fürsten [beginnen].…,"[wagner-die-kindermoerder] …bst zu fühlen, und der physischen Ursache seines Daseins nachzuspüren [beginnt] – ein Zeitpunkt, der der Tugend fast aller junger Leute ein Stein des…","[klinger-sturm-und-drang] …hlst du Jenny, siehst du? ich steh so an dem Abgrund des menschlichen [Beginnens] – am Ende des menschlichen Gefühls, denn es reißt hier, Miß! und zers…",66,"beginnen (21), beginnt (15), begonnen (12), begann (12), beginne (3), beginnet (2)","eh (4), kampf (3), sturm (3), edel (3), neu (3)","eh (4), sturm (3), kampf (3), neu (3), edel (3)","[schiller-die-braut-von-m] …Was [beginnen]? Die Fürsten sind versöhnt, das ist die Wahrheit, Und in der hohen Hä…",[goethe-die-natuerliche-t] …elbst die Schuld und trag sie schwer. Denn rief ich nicht mit törigem [Beginnen] Gefahr und Tod auf dieses teure Haupt? Sie überall zu sehn als Meiste…,"[schiller-maria-stuart] …e! Wie weit ist diese Königin gebracht, Die mit so stolzen Hoffnungen [begann], Die auf den ältsten Thron der Christenheit Berufen worden, die in ih…"
fassen,Klassizismus,VERB,-30.26508855099779,-0.9352104716427265,116,"fassen (43), faßt (33), gefaßt (23), fasse (11), faßte (6)","geist (6), hand (6), mut (6), sehen (5), halten (5)","mut (6), geist (6), hand (6), halten (5), sehen (5)","[goethe-faust-in-urspruen] …nen! – Die erste nicht! – Jammer! Jammer! von keiner Menschenseele zu [fassen], daß mehr als ein Geschöpf in die Tiefe dieses Elends sank, daß nicht…","[klinger-simsone-grisaldo] …et haben, aus Eurem eignen Munde zu hören. Die Zeit ist uns teuer, so [faßt] Euch kurz.…","[leisewitz-julius-von-tar] …[Fassen] Sie sich, er kommt; ich kann seinen Anblick nicht ertragen.…",219,"fassen (64), faßt (61), gefaßt (46), fasse (28), faßte (15), faßten (5)","wort (6), auge (6), hand (6), entschluß (6), mut (5), herz (5), hoch (4), mensch (3)","entschluß (6), begierig (3), roh (3), mut (5), auge (6), übel (3), wort (6), hand (6)","[goethe-iphigenie-auf-tau] …, und welch verwünschtes Haupt Du nährst und schützest: ein Entsetzen [faßte] Dein großes Herz mit seltnem Schauer an, Und statt die Seite deines T…","[collin-balboa] …der Sturm Rast nun darin, und droht es zu zerrütten. Darauf seid wohl [gefaßt], und schonet sie. – Wir gehen sie zu holen. – Heftigkeit Vermeidet! S…","[schiller-wallenstein] …net Ihnen Teilnehmend ihre mütterlichen Arme. Drum keine Furcht mehr! [Fassen] Sie Vertrauen, Und übergeben Sie sich hoffnungsvoll Der kaiserlichen …"
schützen,Klassizismus,VERB,-29.557761808360993,-1.8860539611764284,19,"schützen (8), schützt (4), geschützt (3), schützte (2), schütze (2)",liebe (3),liebe (3),"[maler-mueller-golo-und-g] …ätte. Nichts, Steffen! Weislich bei der andern Parthei geblieben, das [schützt] besser. – Laß sehn, was ich jetzt in Acht zu nehmen habe. Gibt der Gr…","[klinger-die-zwillinge] …Und da ist mein Sohn, der soll mich [schützen] für Guelfos Grimm.…","[klinger-simsone-grisaldo] … merkt mich nicht. Merkt seine Almerine nicht so nah um ihn. O Liebe, [schütze] mich, und leite mich sicher. Jeder Schritt! den ich tu, Er! – Überall…",80,"schützen (48), schützt (18), schütze (11), schützte (3)","götter (4), könig (3), eur (3)","götter (4), eur (3), könig (3)","[schiller-wilhelm-tell] … Meister auf der Armbrust, Tell, Man sagt, du nähmst es auf mit jedem [Schützen]?…",[schiller-don-carlos-infa] …Toledo! Ihr seid ein Mann. [Schützt] mich vor diesem Priester.…,"[schiller-wallenstein] … Pflicht- und gesetzlos steht er gegenüber Dem Staat gelagert, den er [schützen] soll, Und drohet, gegen ihn das Schwert zu kehren. Es ist so weit gek…"
siegen,Klassizismus,VERB,-28.64293924127032,-2.0506570914011117,19,"siege (6), siegen (4), siegst (3), siegt (3), siegte (1), siegten (1)",sehen (3),sehen (3),[goethe-goetz-von-berlich] …Du lebst und [siegst]! Ich habe wenig getan. Und meine Hunde von Reitern! Wie bist du davon…,"[goethe-clavigo] …er entgegen, und einer von beiden bleibt; und dein Bruder sterbe oder [siege], er ist verloren. Ein Fremder in Spanien! Mörder dieses geliebten Höf…","[leisewitz-julius-von-tar] …beerblättchen mehr, als ich versetzte, denn ein Sieger kann aus einem [Siege] nicht mehr Ehre holen, als der Besiegte hat; und was hat Julius? Doch…",75,"siegen (23), siegt (17), siege (15), gesiegt (12), siegte (4), siegten (2)",-,-,"[collin-balboa] …, So engelrein und himmlisch! – Wirft der Zufall Die blinden Loose? – [Siegt] das Laster stets? – Mein Herz wird eng in dieser Felsenkluft. – O sti…","[schiller-die-jungfrau-vo] …Unsinn, du [siegst] und ich muß untergehn! Mit der Dummheit kämpfen Götter selbst vergebe…",[goethe-die-natuerliche-t] …Der Tugend Gegenzauber [siegt] gewiß!…
bewegen,Klassizismus,VERB,-28.595934952157922,-1.94837273757257,16,"bewegen (8), bewegt (7), bewegte (1)",-,-,"[lenz-pandaemonium-german] …Da [bewegt] er sich. Gewiß in der andern Hand, die er auf dem Rücken hat, hält er…","[schiller-kabale-und-lieb] …zergliedern, diese verdächtige Gnade. Ich will nur fragen, was Mylady [bewegen] konnte, mich für die Törin zu halten, die über ihre Herkunft errötet?…","[klinger-simsone-grisaldo] …, Don, eben da sie noch einmal ihre köstliche Hand nach deinen Wangen [bewegte], um auch der Rose nach rechter Weise einen Stiel und Knospen, der zum…",68,"bewegt (38), bewegen (19), bewegte (8), bewege (2), bewegete (1)","lassen (4), tief (3), herz (3)","tief (3), lassen (4), herz (3)","[schiller-die-jungfrau-vo] …nsre Freuden, Du hast der Himmel Herrlichkeit gesehn, Die reine Brust [bewegt] kein irdisch Glück. O könntest du ein Weib sein und empfinden! Leg di…","[goethe-die-natuerliche-t] …e! O daß ein Friedensvogel mir vorbei Mit leisem Fittich leitend sich [bewegte]! Gern will ich hin, wohin das Schicksal ruft: Es deute nur! und ich w…","[goethe-torquato-tasso] … ein Teil auch seines Ruhms gewiß. Nein, was das Herz im tiefsten mir [bewegte], Was mir noch jetzt die ganze Seele füllt, Es waren die Gestalten jen…"
